"Marca temporal","Edad","Sexo","Ocupación "," Aproximadamente ¿Cuántos días de encierro  llevas por la contingencia del Covid-19?","De las siguientes actividades, ¿Cuales realizas en casa?, durante la cuarentena.","Número de personas con las que pasas la cuarentena","¿Cuántas horas por día dedicas para consentirte o para realizar actividades personales?","¿Notas alguna diferencia en la convivencia familiar?","¿Cuántas horas al día pasabas en redes sociales antes de la cuarentena?","¿Cuántas horas al día pasas en redes sociales durante la cuarentena?","¿Quién es el sustento familiar durante esta contingencia?","¿Cuántas horas al día veías televisión antes de la cuarentena ?","¿Cuántas horas al día ves televisión durante la cuarentena ?","Antes de la cuarentena, ¿A que hora te levantabas?","Durante la cuarentena, ¿A que hora te levantas?","¿Cuantas horas dormías al día antes de la cuarentena?","¿Cuánta horas al día duermes durante la cuarentena?","¿Durante la Jornada de Sana Distancia, has permanecido en tu casa? ","¿Has experimentado alguna de las siguientes emociones a consecuencia de la cuarentena?","¿Haz tenido contacto con tus familiares, amigos o seres queridos?","¿Presentas Insomnio durante la cuarentena?","¿Cuál es tu opinión acerca del protocolo ""Quédate en casa""?","Esta etapa de contingencia ¿Te ha servido para realizar planes a futuro de manera objetiva? ","Durante la cuarentena, ¿Has presentado dificultad para dormir?","¿Has tenido la sensación de estar cansado sin haber hecho mucho esfuerzo durante el día? ","actividad1","actividad2","actividad3","actividad4","actividad5","actividad6","actividad7","emocion1","emocion2","emocion3","emocion4","emocion5","emocion6","emocion7"
"4/30/2020 17:18:52","24","Femenino","Estudiante","44","Visitar plataformas de entretenimiento (Netflix,Amazon, Televisión...), Aseo del hogar, Usar redes sociales, Dormir, Estudiar en linea","4","12","Si","0 a 2","Más de 9","Papá","0 a 2","Más de 9","5:00:00 AM","7:00:00 AM","2 a 4","Más de 8","Sí","Miedo, Depresión, Ansiedad, Enojo, Frustración, Confusión","Si, pero no  como me gustaría","Si","Es un protocolo necesario, sin embargo las personas no lo siguen adecuadamente. ","No","Si","Siempre","","","","","","","","","","","","","",""
"4/30/2020 17:20:14","23","Femenino","Estudiante","26","Visitar plataformas de entretenimiento (Netflix,Amazon, Televisión...), Aseo del hogar, Usar redes sociales, Dormir, Estudiar en linea","4","2","No","2 a 4","0 a 3","Papá","0 a 2","6 a 9","6:20:00 AM","8:30:00 AM","Más de 8","6 a 8","Parcialmente","Ninguna","Si, pero no  como me gustaría","Si","Es una medida drástica ","Sí","No","Nunca","","","","","","","","","","","","","",""
"4/30/2020 18:22:52","18","Masculino","Estudiante","33","Trabajar","4","4","Sigue igual","2 a 4","3 a 6","Mamá, Papá","0 a 2","0  a 3","7:00:00 AM","7:00:00 AM","6 a 8","4 a 6","Parcialmente","Depresión","Si, pero no  como me gustaría","Si","Cuidarce","No","Si","Pocas veces","","","","","","","","","","","","","",""
"4/30/2020 18:25:06","25","Femenino","Estudiante","30","Visitar plataformas de entretenimiento (Netflix,Amazon, Televisión...), Aseo del hogar, Usar redes sociales, Dormir, Estudiar en linea","5","4","Sigue igual","0 a 2","0 a 3","Papá","0 a 2","0  a 3","5:00:00 AM","7:00:00 AM","4 a 6","6 a 8","Sí","Depresión, Ansiedad","Sí","Si","","Sí","Si","Pocas veces","","","","","","","","","","","","","",""
"4/30/2020 18:27:09","29","Femenino","Estudiante","40","Aseo del hogar, Usar redes sociales, Videojuegos, Dormir, Estudiar en linea","4","5","Sigue igual","2 a 4","3 a 6","Papá","0 a 2","0  a 3","6:00:00 AM","9:00:00 AM","4 a 6","6 a 8","Sí","Depresión, Ansiedad, Frustración, Confusión","Sí","Si","Es una medida necesaria","No","Si","A menudo","","","","","","","","","","","","","",""
"4/30/2020 18:27:16","22","Femenino","Estudiante","37","Visitar plataformas de entretenimiento (Netflix,Amazon, Televisión...), Aseo del hogar, Usar redes sociales, Dormir, Estudiar en linea","1","5","Sigue igual","0 a 2","0 a 3","Mamá, Papá","0 a 2","0  a 3","5:00:00 AM","9:00:00 AM","2 a 4","4 a 6","Sí","Ansiedad","Sí","Si","Creo que si todos los que salen no por necesidad lo respetarán sería más efectivo","Sí","Algunas veces","Regularmente","","","","","","","","","","","","","",""
"4/30/2020 18:27:21","27","Masculino","Empleado","30","Visitar plataformas de entretenimiento (Netflix,Amazon, Televisión...), Home Office, Aseo del hogar, Usar redes sociales, Videojuegos, Dormir, Estudiar en linea","1","2","Sigue igual","0 a 2","Todo el día","Yo","0 a 2","0  a 3","8:00:00 AM","9:30:00 AM","6 a 8","6 a 8","Sí","Confusión, Cansancio","Sí","Si","Hay que respetarla","Sí","Si","A menudo","","","","","","","","","","","","","",""
"4/30/2020 18:27:57","22","Femenino","Estudiante","43","Home Office, Usar redes sociales, Dormir, Estudiar en linea","4","3","Ha empeorado","0 a 2","0 a 3","yo","0 a 2","0  a 3","6:30:00 AM","8:00:00 AM","6 a 8","4 a 6","Sí","Miedo, Depresión, Ansiedad, Enojo, Frustración, Confusión","Sí","Si","Es la mejor alternativa que se puede tomar","Sí","Si","A menudo","","","","","","","","","","","","","",""
"4/30/2020 18:29:46","33","Femenino","Trabajador independiente","5","Aseo del hogar, trabajo","2","1","Sigue igual","0 a 2","0 a 3","Mamá","0 a 2","0  a 3","7:00:00 AM","7:00:00 AM","4 a 6","4 a 6","Parcialmente","Ninguna","Si, pero no  como me gustaría","Si","Es muy bueno, es necesario, de esa manera nos cuidamos todos...
Pero tambien es necesario sustentar a los hijos ya k vas al dia con dia en tus necesidades y gastos.....","No","No","Nunca","","","","","","","","","","","","","",""
"4/30/2020 18:31:26","24","Masculino","Estudiante","28","Visitar plataformas de entretenimiento (Netflix,Amazon, Televisión...), Estudiar en linea","4","4","Sigue igual","0 a 2","0 a 3","Mamá","0 a 2","0  a 3","8:00:00 AM","8:00:00 AM","6 a 8","6 a 8","Sí","Ansiedad","Sí","Si","Me parece muy efectivo.","Sí","No","Pocas veces","","","","","","","","","","","","","",""
"4/30/2020 18:32:19","24","Femenino","Estudiante","40","Visitar plataformas de entretenimiento (Netflix,Amazon, Televisión...), Aseo del hogar, Usar redes sociales, Dormir, Estudiar en linea","7","7","Ha mejorado","2 a 4","0 a 3","Mamá, Hermano o hermana, Cuñada","0 a 2","0  a 3","4:00:00 AM","8:00:00 AM","2 a 4","6 a 8","Sí","Miedo, Confusión","No","Si","Me parece lo más adecuado sin embargo falta mucha cultura para aprender a respetar lineamientos, mi familia trabaja en hospitales y te das cuenta de la importancia de que te quedes en cada y de la falta de información o información falsa que emite el gobierno.","Sí","Si","Pocas veces","","","","","","","","","","","","","",""
"4/30/2020 18:33:11","22","Femenino","Estudiante","40","Visitar plataformas de entretenimiento (Netflix,Amazon, Televisión...), Aseo del hogar, Usar redes sociales, Dormir, Estudiar en linea","1","2","Ha empeorado","2 a 4","6 a 9","Mamá","0 a 2","0  a 3","6:00:00 AM","8:30:00 AM","6 a 8","Más de 8","Parcialmente","Depresión, Ansiedad, Enojo, Frustración","Si, pero no  como me gustaría","Si","","Sí","Si","Pocas veces","","","","","","","","","","","","","",""
"4/30/2020 18:33:38","22","Femenino","Estudiante","35","Visitar plataformas de entretenimiento (Netflix,Amazon, Televisión...), Usar redes sociales, Dormir, Estudiar en linea","3","1","Sigue igual","2 a 4","6 a 9","Mamá","0 a 2","0  a 3","4:30:00 AM","9:45:00 AM","2 a 4","Más de 8","Sí","Depresión, Ansiedad, Enojo, Frustración","Sí","Si","Es una medida muy drástica, un ser humano no está acostumbrado a vivir encerrado y creo que puede tener consecuencias negativas ","No","Algunas veces","Regularmente","","","","","","","","","","","","","",""
"4/30/2020 18:34:40","21","Femenino","Estudiante","30","Visitar plataformas de entretenimiento (Netflix,Amazon, Televisión...), Aseo del hogar, Usar redes sociales, Dormir, Estudiar en linea","4","2","Sigue igual","2 a 4","3 a 6","Papá","0 a 2","0  a 3","4:00:00 AM","7:00:00 AM","4 a 6","4 a 6","Parcialmente","Ansiedad, Frustración","Sí","Si","Demasiado frustante","Sí","No","Siempre","","","","","","","","","","","","","",""
"4/30/2020 18:37:04","22","Masculino","Empleado","20","Visitar plataformas de entretenimiento (Netflix,Amazon, Televisión...)","4","1","Sigue igual","2 a 4","0 a 3","Nadie no tengo sustento ","2 a 4","3 a 6","8:00:00 AM","10:00:00 AM","6 a 8","Más de 8","Parcialmente","Depresión, Ansiedad, Frustración, Confusión","Sí","Si","No se puede  no tengo para comer ","Sí","Si","Pocas veces","","","","","","","","","","","","","",""
"4/30/2020 18:37:26","22","Femenino","Estudiante","47","Visitar plataformas de entretenimiento (Netflix,Amazon, Televisión...), Aseo del hogar, Usar redes sociales, Videojuegos, Dormir, Estudiar en linea","3","4","Sigue igual","2 a 4","3 a 6","Papá","0 a 2","0  a 3","8:00:00 AM","10:00:00 AM","6 a 8","6 a 8","Sí","Miedo, Depresión, Ansiedad, Enojo","Sí","Si","Sólo funciona en los que tienen el privilegio de hacerlo, deberían considerar medidas incluyentes para todos ","No","Algunas veces","Pocas veces","","","","","","","","","","","","","",""
"4/30/2020 18:38:13","18","Femenino","Estudiante","30","Visitar plataformas de entretenimiento (Netflix,Amazon, Televisión...), Aseo del hogar, Usar redes sociales, Dormir, Estudiar en linea","3","2","Sigue igual","0 a 2","0 a 3","Papá","0 a 2","0  a 3","6:00:00 AM","7:00:00 AM","2 a 4","4 a 6","Sí","Depresión, Enojo","Sí","Si","Que a la vez perjudica a mucha gente por escasez de dinero","Sí","Algunas veces","Pocas veces","","","","","","","","","","","","","",""
"4/30/2020 18:38:48","21","Masculino","Estudiante","33","Aseo del hogar, Usar redes sociales, Dormir, Estudiar en linea","3","6","Sigue igual","4 a 6","0 a 3","Papá","0 a 2","0  a 3","7:00:00 AM","7:00:00 AM","2 a 4","4 a 6","Sí","Miedo, Ansiedad, Enojo","Sí","Si","Que la sociedad no estaba lista para una situación de esta magnitud
","No","No","Pocas veces","","","","","","","","","","","","","",""
"4/30/2020 18:39:46","21","Femenino","Estudiante","45","Visitar plataformas de entretenimiento (Netflix,Amazon, Televisión...), Aseo del hogar, Usar redes sociales, Estudiar en linea","5","1","Sigue igual","2 a 4","6 a 9","Mamá, Papá","0 a 2","3 a 6","7:00:00 AM","9:00:00 AM","4 a 6","6 a 8","Parcialmente","Depresión, Ansiedad, Frustración, Confusión","Sí","Si","No contempla las necesidades económicas y emocionales de las personas.","No","Si","Pocas veces","","","","","","","","","","","","","",""
"4/30/2020 18:40:57","22","Masculino","Estudiante","25","Visitar plataformas de entretenimiento (Netflix,Amazon, Televisión...), Aseo del hogar, Usar redes sociales, Videojuegos, Dormir, Estudiar en linea","6","14","Sigue igual","2 a 4","Más de 9","Papá","0 a 2","6 a 9","5:00:00 AM","11:00:00 AM","4 a 6","Más de 8","Sí","Ninguna","Sí","Si","Necesaria","No","Si","Nunca","","","","","","","","","","","","","",""
"4/30/2020 18:42:01","21","Masculino","Estudiante","22","Estudiar en linea","3","7","Sigue igual","2 a 4","0 a 3","Papá","0 a 2","0  a 3","7:00:00 AM","7:00:00 AM","4 a 6","4 a 6","Sí","Ninguna","Sí","Si","Que no estabamos preparado para esta situación","No","No","Pocas veces","","","","","","","","","","","","","",""
"4/30/2020 18:42:20","21","Femenino","Estudiante","40","Visitar plataformas de entretenimiento (Netflix,Amazon, Televisión...), Home Office, Aseo del hogar, Usar redes sociales, Estudiar en linea","2","4","Ha mejorado","4 a 6","Más de 9","Mamá, Papá","0 a 2","3 a 6","6:00:00 AM","8:00:00 AM","4 a 6","6 a 8","Sí","Miedo, Depresión, Ansiedad, Frustración, Confusión","Si, pero no  como me gustaría","Si","Siento que es la mejor medida que podemos llevar a cabo en estos días tan complicados","No","Si","Regularmente","","","","","","","","","","","","","",""
"4/30/2020 18:42:49","44","Masculino","Empleado","7","Home Office","6","3","Ha mejorado","0 a 2","6 a 9","Papá","0 a 2","6 a 9","4:00:00 AM","8:00:00 AM","6 a 8","Más de 8","Parcialmente","Ninguna","Sí","Si","acción gubernamental para mejoria.","Sí","No","A menudo","","","","","","","","","","","","","",""
"4/30/2020 18:43:21","22","Masculino","Estudiante","25","Usar redes sociales, Estudiar en linea","5","4","Sigue igual","0 a 2","0 a 3","Papá","0 a 2","0  a 3","6:00:00 AM","7:00:00 AM","4 a 6","6 a 8","Sí","Frustración","Sí","Si","Es adecuado para reducir los contagio, aunque creo que se implemento muy pronto.","Sí","No","Nunca","","","","","","","","","","","","","",""
"4/30/2020 18:43:27","22","Femenino","Estudiante","1","Visitar plataformas de entretenimiento (Netflix,Amazon, Televisión...), Home Office, Aseo del hogar, Usar redes sociales, Dormir, Estudiar en linea","2","4","Sigue igual","Más de 6","0 a 3","Mamá, Hermano o hermana","0 a 2","0  a 3","4:30:00 AM","7:00:00 AM","2 a 4","Más de 8","Parcialmente","Miedo, Depresión, Ansiedad, Enojo, Frustración, Confusión","Sí","Si","Es ineficiente, en México se debe tratar de forma ruda al mexicano, no temblar la mano, pero como todo está podrido, tanto dentro como fuera, no es posible la aplicación.","Sí","Si","Regularmente","","","","","","","","","","","","","",""
"4/30/2020 18:46:23","23","Femenino","Estudiante","40","Visitar plataformas de entretenimiento (Netflix,Amazon, Televisión...), Home Office, Aseo del hogar, Usar redes sociales, Dormir, Estudiar en linea","2","2","Ha empeorado","4 a 6","3 a 6","Mamá","0 a 2","0  a 3","9:00:00 AM","7:00:00 AM","2 a 4","6 a 8","Sí","Ansiedad, Enojo, Frustración","Si, pero no  como me gustaría","Si","Pues si es necesario para la salud considero que está bien aunque nos está perjudicando de muchas formas además los seres humanos por naturaleza somos sociales comenzamos a ir en contra de la naturaleza y quizás repercutirá de alguna forma","Sí","Si","A menudo","","","","","","","","","","","","","",""
"4/30/2020 18:46:46","24","Masculino","Estudiante","40","Visitar plataformas de entretenimiento (Netflix,Amazon, Televisión...), Home Office, Videojuegos, Estudiar en linea","6","2","Sigue igual","0 a 2","6 a 9","Papá","0 a 2","0  a 3","8:00:00 AM","11:00:00 AM","2 a 4","6 a 8","Parcialmente","Ninguna","Sí","Si","Raro","No","Si","Regularmente","","","","","","","","","","","","","",""
"4/30/2020 18:48:41","26","Masculino","Estudiante","45","Visitar plataformas de entretenimiento (Netflix,Amazon, Televisión...), Home Office, Aseo del hogar, Usar redes sociales, Estudiar en linea","4","1","Ha mejorado","0 a 2","3 a 6","Papá","0 a 2","3 a 6","5:00:00 AM","10:00:00 AM","4 a 6","Más de 8","Sí","Depresión, Ansiedad, Enojo, Frustración","Sí","Si","Es un buen plan para evitar el alto contagio y arriesgar la vida de otras personas. ","Sí","Si","Regularmente","","","","","","","","","","","","","",""
"4/30/2020 18:49:21","23","Femenino","Empleado","30","Usar redes sociales","8","3","Ha mejorado","4 a 6","3 a 6","esposo","Más de 6","0  a 3","6:00:00 AM","8:00:00 AM","4 a 6","Más de 8","No","Miedo","Sí","Si","te cuidas y cuidas a los demas ","No","No","Pocas veces","","","","","","","","","","","","","",""
"4/30/2020 18:50:59","47","Femenino","Desempleado","60","Aseo del hogar, Usar redes sociales, Dormir","1","1","Sigue igual","2 a 4","3 a 6","Mamá","0 a 2","3 a 6","4:00:00 AM","7:00:00 AM","6 a 8","6 a 8","Parcialmente","Miedo, Depresión, Ansiedad, Enojo, Frustración, Confusión","Si, pero no  como me gustaría","Si","Si tubiera os los medios económicos  sería bueno, sin medios económicos malo","Sí","Algunas veces","A menudo","","","","","","","","","","","","","",""
"4/30/2020 18:53:39","25","Femenino","Estudiante","35","Visitar plataformas de entretenimiento (Netflix,Amazon, Televisión...), Aseo del hogar, Usar redes sociales, Dormir, Estudiar en linea","4","4","Ha mejorado","Más de 6","3 a 6","Mamá","0 a 2","0  a 3","7:00:00 AM","11:00:00 AM","4 a 6","6 a 8","Sí","Miedo, Depresión, Ansiedad, Frustración","Sí","Si","Que esta bien, pero mal implementado, y que muchas personas no lo están siguiendo y esto a su vez nos afecta a todos como las personas que si lo están haciendo como las que no.","Sí","Si","A menudo","","","","","","","","","","","","","",""
"4/30/2020 18:54:02","46","Masculino","Trabajador independiente","40","Aseo del hogar, Usar redes sociales, Dormir, Estudiar en linea","5","2","Sigue igual","0 a 2","0 a 3","Mamá, Papá, Abuela, Hermano o hermana","0 a 2","0  a 3","5:45:00 AM","6:45:00 AM","6 a 8","6 a 8","Sí","Ninguna","Sí","Si","Es lo único que podemos hacer","Sí","No","A menudo","","","","","","","","","","","","","",""
"4/30/2020 18:54:19","18","Masculino","Empleado","45","Visitar plataformas de entretenimiento (Netflix,Amazon, Televisión...), Home Office, Aseo del hogar, Videojuegos","3","3","Ha mejorado","0 a 2","0 a 3","Papá","0 a 2","0  a 3","7:00:00 AM","7:00:00 AM","6 a 8","6 a 8","Parcialmente","Ninguna","Si, pero no  como me gustaría","Si","No está bien aplicado","Sí","No","Nunca","","","","","","","","","","","","","",""
"4/30/2020 18:54:24","22","Femenino","Desempleado","35","Usar redes sociales, Videojuegos, Dormir","7","12","Sigue igual","2 a 4","Todo el día","Papá","0 a 2","0  a 3","4:30:00 AM","12:00:00 PM","4 a 6","Más de 8","Parcialmente","Ninguna","Si, pero no  como me gustaría","Si","No sirve ","No","No","Siempre","","","","","","","","","","","","","",""
"4/30/2020 18:54:57","25","Femenino","Hogar","70","Aseo del hogar, Ventas por catálogos ","3","2","Ha mejorado","2 a 4","6 a 9","Esposo","2 a 4","6 a 9","8:00:00 AM","10:00:00 AM","4 a 6","6 a 8","Sí","Ninguna","Sí","Si","Quedarse en casa","Sí","No","Pocas veces","","","","","","","","","","","","","",""
"4/30/2020 18:55:37","37","Masculino","Empleado","20","Home Office","3","4","Ha mejorado","0 a 2","0 a 3","Yo","0 a 2","Todo el día","5:00:00 AM","7:00:00 AM","6 a 8","6 a 8","No","Ninguna","Sí","Si","Difícil de cumplir, hay que salir a trabajar ","No","No","Pocas veces","","","","","","","","","","","","","",""
"4/30/2020 18:56:49","17","Masculino","Estudiante","30","Visitar plataformas de entretenimiento (Netflix,Amazon, Televisión...), Usar redes sociales, Videojuegos, Estudiar en linea","3","7","Sigue igual","2 a 4","6 a 9","Papá","0 a 2","3 a 6","5:50:00 AM","11:30:00 AM","6 a 8","4 a 6","Parcialmente","Confusión","Si, pero no  como me gustaría","Si","Yo creo que éste protocolo tiene sus pro y contras debido a que hay familias que no tienen la necesidad de trabajar en estos días de contingencia debido a que tienen los recursos necesarios, sin embargo también hay familias que no cuentan con los recursos necesarios para permanecer dentro de sus casas la mayor parte del tiempo. ","Sí","Si","Regularmente","","","","","","","","","","","","","",""
"4/30/2020 18:57:37","25","Masculino","Empleado","15","Visitar plataformas de entretenimiento (Netflix,Amazon, Televisión...), Home Office, Aseo del hogar, Usar redes sociales","4","4","Sigue igual","2 a 4","0 a 3","Papá","0 a 2","0  a 3","9:00:00 AM","9:00:00 AM","4 a 6","4 a 6","Parcialmente","Miedo, Depresión, Enojo, Frustración","Sí","Si","Está bien para la salud ","Sí","No","Pocas veces","","","","","","","","","","","","","",""
"4/30/2020 19:00:05","22","Masculino","Estudiante","30","Visitar plataformas de entretenimiento (Netflix,Amazon, Televisión...), Home Office, Aseo del hogar, Usar redes sociales, Videojuegos, Dormir, Estudiar en linea","7","1","Sigue igual","0 a 2","0 a 3","Mamá, Papá","0 a 2","0  a 3","4:30:00 AM","8:30:00 AM","4 a 6","4 a 6","Sí","Ansiedad, Frustración","Sí","Si","Para estudiantes como yo puede funcionar, pero para quienes no tienen un ingreso seguro y tienen que salir a trabajar diariamente aun en contingencia no creo que funcione muy bien","Sí","Algunas veces","Regularmente","","","","","","","","","","","","","",""
"4/30/2020 19:00:35","47","Masculino","Empleado","10","Visitar plataformas de entretenimiento (Netflix,Amazon, Televisión...), Home Office, Usar redes sociales, Videojuegos","3","4","Sigue igual","0 a 2","0 a 3","Papá","0 a 2","3 a 6","4:30:00 AM","6:30:00 AM","4 a 6","6 a 8","Parcialmente","Miedo, Ansiedad, Enojo","Sí","Si","Es necesario, además de que nos ayuda a evitar el contagió ","Sí","Algunas veces","Pocas veces","","","","","","","","","","","","","",""
"4/30/2020 19:00:51","46","Masculino","Empleado","45","Visitar plataformas de entretenimiento (Netflix,Amazon, Televisión...), Home Office, Aseo del hogar, Usar redes sociales, Dormir, Estudiar en linea","3","1","Sigue igual","0 a 2","Todo el día","Yo","0 a 2","0  a 3","5:10:00 AM","6:30:00 AM","4 a 6","6 a 8","Sí","Miedo, Ansiedad","Sí","Si","Es necesario","No","No","Nunca","","","","","","","","","","","","","",""
"4/30/2020 19:00:53","19","Femenino","Desempleado","40","Visitar plataformas de entretenimiento (Netflix,Amazon, Televisión...), Aseo del hogar, Usar redes sociales, Dormir","10","1","Ha empeorado","4 a 6","Todo el día","Abuela","2 a 4","Todo el día","8:00:00 AM","12:00:00 PM","6 a 8","Más de 8","Parcialmente","Ansiedad","Sí","Si","Pinche gobierno","No","No","Siempre","","","","","","","","","","","","","",""
"4/30/2020 19:01:26","22","Femenino","Estudiante","32","Visitar plataformas de entretenimiento (Netflix,Amazon, Televisión...), Aseo del hogar, Usar redes sociales, Dormir, Estudiar en linea","9","1","Ha mejorado","0 a 2","0 a 3","Papá y mamá ","0 a 2","0  a 3","7:00:00 AM","9:00:00 AM","4 a 6","6 a 8","Sí","Miedo, Depresión, Ansiedad, Enojo, Frustración, Confusión","Si, pero no  como me gustaría","Si","Quedarse en casa cuando las personas sobreviven al día es una burla. El gobierno no implementa las medidas necesarias. 
No sólo se muere en México por covid 19, existen violaciones familiares, homicidiod pero algo peor. La pobreza de la que pocos hablan ","No","Si","A menudo","","","","","","","","","","","","","",""
"4/30/2020 19:02:19","25","Femenino","Empleado","3","Aseo del hogar, Usar redes sociales, Dormir","2","3","Sigue igual","0 a 2","0 a 3","Yo","0 a 2","0  a 3","8:09:00 AM","8:09:00 AM","6 a 8","6 a 8","No","Ansiedad","Si, pero no  como me gustaría","Si","En parte está bien pero mi familia depende del ingreso que le aporto ,así que tengo que salir a trabajar ","Sí","No","Pocas veces","","","","","","","","","","","","","",""
"4/30/2020 19:02:51","43","Masculino","Desempleado","27","Pintar la cada","3","4","Ha mejorado","0 a 2","0 a 3","Hermano o hermana","0 a 2","0  a 3","4:30:00 AM","7:00:00 AM","6 a 8","2 a 4","Parcialmente","Ninguna","Si, pero no  como me gustaría","Si","Que todos tenemos que salir a buscar algo para comer por que no hay respuestas de nuestro gobierno","Sí","Algunas veces","Nunca","","","","","","","","","","","","","",""
"4/30/2020 19:04:21","21","Masculino","Estudiante","17","Visitar plataformas de entretenimiento (Netflix,Amazon, Televisión...), Home Office, Aseo del hogar, Usar redes sociales, Videojuegos, Dormir, Estudiar en linea","7","8","Ha mejorado","0 a 2","3 a 6","Mamá","0 a 2","0  a 3","7:00:00 AM","9:00:00 AM","4 a 6","Más de 8","Parcialmente","Ansiedad, Frustración, Confusión","Sí","Si","Muy bueno. ","Sí","Algunas veces","Pocas veces","","","","","","","","","","","","","",""
"4/30/2020 19:04:26","35","Masculino","Empleado","30","Visitar plataformas de entretenimiento (Netflix,Amazon, Televisión...), Aseo del hogar, Usar redes sociales, Videojuegos, Dormir","2","4","Sigue igual","0 a 2","3 a 6","Yo","0 a 2","3 a 6","6:00:00 AM","8:00:00 AM","6 a 8","Más de 8","Sí","Ansiedad, Confusión","No","Si","Es necesario para evitar contagios masivos","Sí","Si","Regularmente","","","","","","","","","","","","","",""
"4/30/2020 19:05:44","43","Masculino","Empleado","30","Visitar plataformas de entretenimiento (Netflix,Amazon, Televisión...), Aseo del hogar, Videojuegos, Dormir","4","6","Ha mejorado","0 a 2","0 a 3","Papá","0 a 2","6 a 9","5:00:00 AM","9:00:00 AM","4 a 6","6 a 8","Parcialmente","Depresión, Ansiedad, Enojo","No","Si","Es lo mas adecuado","Sí","Algunas veces","Pocas veces","","","","","","","","","","","","","",""
"4/30/2020 19:08:34","23","Femenino","Estudiante","30","Visitar plataformas de entretenimiento (Netflix,Amazon, Televisión...), Home Office, Aseo del hogar, Usar redes sociales, Videojuegos, Dormir, Estudiar en linea","11","5","Sigue igual","2 a 4","3 a 6","Mamá, Papá","0 a 2","0  a 3","6:50:00 AM","9:00:00 AM","4 a 6","6 a 8","Sí","Ansiedad","Sí","Si","Deficiente","Sí","Si","Pocas veces","","","","","","","","","","","","","",""
"4/30/2020 19:09:38","43","Femenino","Hogar","05","Aseo del hogar","3","2","Sigue igual","0 a 2","0 a 3","Papá","2 a 4","3 a 6","5:00:00 AM","7:00:00 AM","6 a 8","6 a 8","Parcialmente","Ninguna","Sí","Si","Esta bien porque así podemos evitar el contagió ","No","Si","Nunca","","","","","","","","","","","","","",""
"4/30/2020 19:10:26","23","Femenino","Estudiante","45","Visitar plataformas de entretenimiento (Netflix,Amazon, Televisión...), Aseo del hogar, Usar redes sociales, Videojuegos, Dormir, Estudiar en linea","4","6","Sigue igual","2 a 4","3 a 6","Mamá, Papá","0 a 2","0  a 3","6:40:00 AM","9:00:00 AM","2 a 4","Más de 8","Sí","Miedo, Ansiedad, Frustración","Sí","Si","Serviría si la gente en México estuviera educada y la siguiera.","Sí","Algunas veces","Nunca","","","","","","","","","","","","","",""
"4/30/2020 19:11:05","24","Masculino","Estudiante","45","Visitar plataformas de entretenimiento (Netflix,Amazon, Televisión...), Home Office, Aseo del hogar, Usar redes sociales, Videojuegos, Dormir, Estudiar en linea","6","4","Ha mejorado","2 a 4","3 a 6","Mamá, Papá, Hermano o hermana, Yo","0 a 2","0  a 3","6:00:00 AM","9:00:00 AM","6 a 8","6 a 8","Sí","Miedo, Ansiedad, Enojo, Frustración","Sí","Si","","Sí","Si","A menudo","","","","","","","","","","","","","",""
"4/30/2020 19:11:07","25","Femenino","Estudiante","40","Visitar plataformas de entretenimiento (Netflix,Amazon, Televisión...), Aseo del hogar, Usar redes sociales, Videojuegos, Dormir, Estudiar en linea","4","1","Sigue igual","0 a 2","3 a 6","Mamá","0 a 2","0  a 3","4:00:00 AM","10:00:00 AM","2 a 4","4 a 6","Sí","Depresión, Ansiedad, Frustración","No","Si","Es una decisión apropiada y simple para evitar contagios masivos. A pesar de que por este protocolo muchas personas se ven afectadas económicamente, creo que es una alternativa eficiente. ","No","Si","A menudo","","","","","","","","","","","","","",""
"4/30/2020 19:11:33","26","Masculino","Estudiante","30","Aseo del hogar, Estudiar en linea","6","3","Sigue igual","2 a 4","3 a 6","Mamá, Papá","0 a 2","0  a 3","6:00:00 AM","6:00:00 AM","4 a 6","4 a 6","Sí","Miedo, Frustración","Sí","Si","Pues es una forma de no tener muchos contagios y así evitar el colapso en los Hospitales","Sí","Si","Pocas veces","","","","","","","","","","","","","",""
"4/30/2020 19:13:31","24","Masculino","Estudiante","30","Visitar plataformas de entretenimiento (Netflix,Amazon, Televisión...), Aseo del hogar, Usar redes sociales, Dormir, Estudiar en linea","4","5","Sigue igual","0 a 2","0 a 3","Mamá, Hermano o hermana","0 a 2","0  a 3","5:00:00 AM","5:00:00 AM","6 a 8","6 a 8","Sí","Enojo, Frustración","Sí","Si","","Sí","No","Nunca","","","","","","","","","","","","","",""
"4/30/2020 19:13:42","37","Masculino","Empleado","1","Laborar","1","1","Ha mejorado","0 a 2","0 a 3","Papá","0 a 2","0  a 3","5:30:00 AM","5:30:00 AM","4 a 6","4 a 6","No","Miedo, Confusión","No","Si","Es una medida necesaria","No","No","Pocas veces","","","","","","","","","","","","","",""
"4/30/2020 19:15:43","30","Femenino","Estudiante","35","Visitar plataformas de entretenimiento (Netflix,Amazon, Televisión...), Aseo del hogar, Usar redes sociales, Videojuegos, Dormir, Estudiar en linea","6","3","Sigue igual","0 a 2","3 a 6","Cónyuge","0 a 2","3 a 6","6:15:00 AM","8:00:00 AM","6 a 8","6 a 8","Sí","Miedo, Depresión, Ansiedad, Enojo","Sí","Si","Es buena precaución","Sí","No","Pocas veces","","","","","","","","","","","","","",""
"4/30/2020 19:17:01","22","Femenino","Estudiante","42","Visitar plataformas de entretenimiento (Netflix,Amazon, Televisión...), Aseo del hogar, Usar redes sociales, Videojuegos, Dormir, Estudiar en linea","2","3","Ha mejorado","2 a 4","3 a 6","Papá","0 a 2","0  a 3","5:30:00 AM","10:00:00 AM","4 a 6","6 a 8","Sí","Ansiedad, Estrés por la universidad en línea ","Sí","Si","Creo que el aislamiento es una buena forma para reducir la curva de contagio del virus sin embargo no mucha gente hace caso y la situación empeora cada vez más, aunque también es una realidad que la gente que vive al día no pueda permitirse quedarse en casa por lo que el futuro de lo que pasará en nuestro país con este virus resulta en algo bastante incierto ","Sí","Algunas veces","Pocas veces","","","","","","","","","","","","","",""
"4/30/2020 19:17:07","16","Masculino","Estudiante","60","Visitar plataformas de entretenimiento (Netflix,Amazon, Televisión...), Usar redes sociales, Videojuegos, Dormir, Estudiar en linea","2","6","Sigue igual","2 a 4","3 a 6","Papá","0 a 2","0  a 3","8:00:00 AM","11:00:00 AM","6 a 8","6 a 8","Sí","Ninguna","Si, pero no  como me gustaría","Si","Realmente es una buena opción para que no llegue a mas la enfermedad y poder superarlo rápidamente ","No","No","Pocas veces","","","","","","","","","","","","","",""
"4/30/2020 19:17:23","22","Masculino","Estudiante","40","Visitar plataformas de entretenimiento (Netflix,Amazon, Televisión...), Aseo del hogar, Usar redes sociales, Videojuegos, Dormir, Estudiar en linea","4","4","Sigue igual","0 a 2","3 a 6","Mamá, Papá","0 a 2","0  a 3","9:00:00 AM","1:00:00 PM","2 a 4","6 a 8","Sí","Ansiedad, Frustración","No","Si","Hace falta mano dura para que esta se lleve a cabo realmente. ","Sí","Si","Pocas veces","","","","","","","","","","","","","",""
"4/30/2020 19:18:36","24","Masculino","Estudiante","34","Visitar plataformas de entretenimiento (Netflix,Amazon, Televisión...), Videojuegos, Dormir","3","10","Sigue igual","0 a 2","0 a 3","Papá","0 a 2","0  a 3","8:00:00 AM","10:00:00 AM","6 a 8","Más de 8","Sí","Frustración","Sí","Si","Es obvio y necesario, cualquiera que lo niegue necesita educación (Pregunta: consentirte o para realizar actividades personales: que significa? es muy ambiguo)","No","Algunas veces","Nunca","","","","","","","","","","","","","",""
"4/30/2020 19:19:30","18","Femenino","Estudiante","30","Estudiar en linea","10","10","Sigue igual","0 a 2","0 a 3","Esposo ","0 a 2","0  a 3","6:30:00 AM","6:30:00 AM","6 a 8","6 a 8","Parcialmente","Ninguna","Sí","Si","Es bien ","No","No","Nunca","","","","","","","","","","","","","",""
"4/30/2020 19:19:42","23","Femenino","Estudiante","34","Visitar plataformas de entretenimiento (Netflix,Amazon, Televisión...), Aseo del hogar, Usar redes sociales, Dormir, Estudiar en linea","5","2","Sigue igual","4 a 6","Todo el día","Mamá, Papá, Esposo","4 a 6","Todo el día","6:00:00 AM","8:00:00 AM","4 a 6","6 a 8","Sí","Miedo, Ansiedad","Sí","Si","Es una buena iniciativa si tan solo todos la aplicaran, me ha ayudado a ser mas organizada y a convivir mas con mi familia darles tiempo de calidad.   ","Sí","No","Siempre","","","","","","","","","","","","","",""
"4/30/2020 19:20:47","30","Masculino","Desempleado","30","Aseo del hogar","2","2","Sigue igual","2 a 4","Todo el día","Pareja","2 a 4","3 a 6","8:00:00 AM","10:00:00 AM","4 a 6","6 a 8","Sí","Ansiedad","Si, pero no  como me gustaría","Si","Muy bueno","Sí","Si","Pocas veces","","","","","","","","","","","","","",""
"4/30/2020 19:21:14","21","Masculino","Estudiante","42","Visitar plataformas de entretenimiento (Netflix,Amazon, Televisión...), Aseo del hogar, Usar redes sociales, Videojuegos, Dormir, Estudiar en linea","4","6","Sigue igual","0 a 2","3 a 6","Mamá, Papá, Hermano o hermana","0 a 2","0  a 3","6:00:00 AM","6:00:00 AM","6 a 8","6 a 8","Sí","Ninguna","Sí","Si","Bueno para evitar el contagio ","Sí","No","Pocas veces","","","","","","","","","","","","","",""
"4/30/2020 19:22:19","38","Masculino","Empleado","1","Visitar plataformas de entretenimiento (Netflix,Amazon, Televisión...), Home Office, Aseo del hogar, Usar redes sociales, Videojuegos, Dormir","6","1","Sigue igual","2 a 4","3 a 6","Mamá, Papá, Hermano o hermana","0 a 2","0  a 3","6:00:00 AM","7:00:00 AM","6 a 8","6 a 8","No","Ansiedad, Confusión","Sí","Si","Es necesario","No","No","Pocas veces","","","","","","","","","","","","","",""
"4/30/2020 19:22:32","28","Femenino","Empleado","1","Estudiar en linea","7","4","Ha mejorado","4 a 6","Más de 9","Mamá","2 a 4","6 a 9","7:00:00 AM","9:30:00 AM","6 a 8","6 a 8","Sí","Ansiedad","Sí","Si","Es buena pero afecta un poco a la economía","Sí","Algunas veces","Pocas veces","","","","","","","","","","","","","",""
"4/30/2020 19:25:38","22","Masculino","Estudiante","40","Visitar plataformas de entretenimiento (Netflix,Amazon, Televisión...), Aseo del hogar, Usar redes sociales, Dormir, Estudiar en linea","1","5","Ha empeorado","2 a 4","6 a 9","Mamá","0 a 2","0  a 3","8:30:00 AM","11:00:00 AM","6 a 8","6 a 8","Parcialmente","Miedo, Depresión, Ansiedad, Enojo, Frustración, Confusión","Sí","Si","Es una buena medida para evitar que se propague el virus","Sí","No","Pocas veces","","","","","","","","","","","","","",""
"4/30/2020 19:25:56","21","Femenino","Estudiante","40","Visitar plataformas de entretenimiento (Netflix,Amazon, Televisión...), Aseo del hogar, Usar redes sociales, Videojuegos, Dormir, Estudiar en linea","3","3","Ha mejorado","Más de 6","Más de 9","Mamá, Papá","2 a 4","0  a 3","5:00:00 AM","9:00:00 AM","6 a 8","6 a 8","Sí","Miedo, Depresión, Ansiedad, Enojo, Frustración","Si, pero no  como me gustaría","Si","","No","Si","Siempre","","","","","","","","","","","","","",""
"4/30/2020 19:25:58","25","Masculino","Estudiante","40","Visitar plataformas de entretenimiento (Netflix,Amazon, Televisión...), Home Office, Aseo del hogar, Usar redes sociales, Videojuegos, Dormir, Estudiar en linea","3","8","Sigue igual","2 a 4","6 a 9","Papá","2 a 4","6 a 9","9:00:00 AM","9:00:00 AM","6 a 8","4 a 6","Sí","Ansiedad, Enojo, Confusión","No","Si","Que debería ser más estricto para quienes no lo obedecen. ","Sí","Si","Regularmente","","","","","","","","","","","","","",""
"4/30/2020 19:28:41","28","Masculino","Trabajador independiente","1","Visitar plataformas de entretenimiento (Netflix,Amazon, Televisión...)","9","1","Sigue igual","2 a 4","0 a 3","Papá","0 a 2","0  a 3","7:00:00 AM","7:00:00 AM","6 a 8","6 a 8","No","Frustración","Sí","Si","Pues para personas que van al día es difícil quedarse en casa a comparación de otras que si tienen la oportunidad de a hacer cuarentena","Sí","No","Regularmente","","","","","","","","","","","","","",""
"4/30/2020 19:31:35","26","Masculino","Estudiante","30","Visitar plataformas de entretenimiento (Netflix,Amazon, Televisión...), Aseo del hogar, Usar redes sociales, Dormir, Estudiar en linea","4","6","Sigue igual","2 a 4","6 a 9","Mamá, Papá","0 a 2","0  a 3","9:00:00 AM","12:00:00 PM","4 a 6","6 a 8","Sí","Enojo, Frustración, Confusión","Sí","Si","Sería una buena medida si toda la gente lo hiciera y los que tienen que salir a trabajar tuvieran todas las precauciones pero no es así, hay mucha gente inconsciente","Sí","Si","Regularmente","","","","","","","","","","","","","",""
"4/30/2020 19:32:59","22","Masculino","Empleado","44","Visitar plataformas de entretenimiento (Netflix,Amazon, Televisión...), Home Office, Aseo del hogar, Usar redes sociales, Videojuegos, Dormir, Estudiar en linea","3","5","Sigue igual","0 a 2","3 a 6","Mamá, Papá, Yo","0 a 2","0  a 3","7:00:00 AM","8:30:00 AM","6 a 8","6 a 8","Sí","Ninguna","Sí","Si","Es una buena medida","No","No","Pocas veces","","","","","","","","","","","","","",""
"4/30/2020 19:35:31","25","Femenino","Desempleado","36","Aseo del hogar","4","3","Ha mejorado","0 a 2","0 a 3","Papá","0 a 2","0  a 3","7:00:00 AM","9:00:00 AM","2 a 4","4 a 6","Sí","Frustración","Si, pero no  como me gustaría","Si","Apesar  de las explicaciones y advertencias mas que uno quisiera quedarse en casa... Tal ves suena algo irresponsable pero hay personas quienes no se pueden  por razones economicas o por otras razones esto nos esta afectando mucho ...","Sí","No","Pocas veces","","","","","","","","","","","","","",""
"4/30/2020 19:36:18","22","Femenino","Estudiante","39","Visitar plataformas de entretenimiento (Netflix,Amazon, Televisión...), Home Office, Aseo del hogar, Usar redes sociales, Videojuegos, Dormir, Estudiar en linea, Ejercicio ","4","2","Sigue igual","0 a 2","6 a 9","Mamá, Papá","0 a 2","3 a 6","5:00:00 AM","11:00:00 AM","6 a 8","4 a 6","Sí","Miedo, Depresión, Ansiedad, Enojo, Frustración, Confusión","Sí","Si","","No","Si","A menudo","","","","","","","","","","","","","",""
"4/30/2020 19:37:43","24","Masculino","Empleado","4","Visitar plataformas de entretenimiento (Netflix,Amazon, Televisión...), Home Office, Videojuegos","4","3","Sigue igual","4 a 6","0 a 3","Papá","0 a 2","0  a 3","7:30:00 AM","7:30:00 AM","6 a 8","6 a 8","No","Depresión, Ansiedad, Enojo","Si, pero no  como me gustaría","Si","","No","Algunas veces","Pocas veces","","","","","","","","","","","","","",""
"4/30/2020 19:38:26","22","Masculino","Estudiante","20","Visitar plataformas de entretenimiento (Netflix,Amazon, Televisión...), Aseo del hogar, Usar redes sociales, Estudiar en linea, Trabajar","2","2","Sigue igual","0 a 2","0 a 3","Papá","0 a 2","0  a 3","8:00:00 AM","9:00:00 AM","6 a 8","6 a 8","Parcialmente","Ninguna","Sí","Si","","Sí","No","Pocas veces","","","","","","","","","","","","","",""
"4/30/2020 19:38:33","22","Masculino","Estudiante","45","Visitar plataformas de entretenimiento (Netflix,Amazon, Televisión...), Aseo del hogar, Usar redes sociales, Videojuegos, Dormir, Estudiar en linea","4","3","Sigue igual","0 a 2","3 a 6","Mamá, Papá","0 a 2","3 a 6","10:00:00 AM","1:00:00 AM","6 a 8","Más de 8","Sí","Miedo, Depresión, Ansiedad, Frustración","Sí","Si","Medida insuficiente aunque necesaria, y que pone en situaciones complicadas a muchas familias","No","Si","Siempre","","","","","","","","","","","","","",""
"4/30/2020 19:44:25","23","Femenino","Estudiante","32","Visitar plataformas de entretenimiento (Netflix,Amazon, Televisión...), Aseo del hogar, Usar redes sociales, Dormir, Estudiar en linea","4","6","Ha empeorado","0 a 2","Todo el día","Papá","0 a 2","6 a 9","7:40:00 AM","11:00:00 AM","6 a 8","4 a 6","Sí","Depresión, Ansiedad, Enojo, Frustración","Si, pero no  como me gustaría","Si","Debieron de tomarse las medidas necesarias como cierre de aeropuertos l, reducción de gente y el quédate en casa desde que ya había solo 55 casos confirmados las medidas no se tomaron adecuadamente incluso el precidente saliendo invitando a qué salieran todos en familia diciendo ""la cituacion no es grave ustedes sigan saliendo yo les diré cuando sea época de guardarse""","No","Si","Regularmente","","","","","","","","","","","","","",""
"4/30/2020 19:49:14","29","Masculino","Empleado","1","Visitar plataformas de entretenimiento (Netflix,Amazon, Televisión...), Aseo del hogar, Usar redes sociales, Videojuegos, Dormir","4","1","Sigue igual","2 a 4","0 a 3","Papá","0 a 2","0  a 3","7:00:00 AM","7:00:00 AM","2 a 4","2 a 4","No","Depresión","Si, pero no  como me gustaría","Si","Exelente ","Sí","No","Pocas veces","","","","","","","","","","","","","",""
"4/30/2020 19:54:03","29","Masculino","Empleado","20","Home Office","3","5","Ha mejorado","2 a 4","3 a 6","Esposo y yo ","0 a 2","0  a 3","6:00:00 AM","7:00:00 AM","6 a 8","4 a 6","Sí","Ninguna","No","Si","Pues un poco estresante pero bueno para empezar a valorar las cosas ","Sí","No","A menudo","","","","","","","","","","","","","",""
"4/30/2020 19:54:05","46","Masculino","Empleado","15","Estudiar en linea","2","5","Ha mejorado","0 a 2","0 a 3","Yo","2 a 4","3 a 6","5:30:00 AM","6:30:00 AM","6 a 8","6 a 8","Parcialmente","Ninguna","No","Si","Es una muy buena acción para cuidar se todos ","Sí","Algunas veces","Regularmente","","","","","","","","","","","","","",""
"4/30/2020 19:57:04","22","Masculino","Empleado, Estudiante","40","Visitar plataformas de entretenimiento (Netflix,Amazon, Televisión...), Aseo del hogar, Usar redes sociales, Dormir, Estudiar en linea","5","1","Sigue igual","2 a 4","Más de 9","Mamá, Papá","0 a 2","3 a 6","7:00:00 AM","10:00:00 AM","4 a 6","6 a 8","Parcialmente","Ninguna","Si, pero no  como me gustaría","Si","Es bueno para prevenir más contagios ","Sí","Algunas veces","Pocas veces","","","","","","","","","","","","","",""
"4/30/2020 19:58:44","50","Femenino","Desempleado","5","Usar redes sociales","6","2","Ha mejorado","2 a 4","3 a 6","Hermano o hermana","0 a 2","0  a 3","6:15:00 AM","9:00:00 AM","2 a 4","2 a 4","Sí","Miedo","No","Si","bien, para no contagiarse","Sí","No","Pocas veces","","","","","","","","","","","","","",""
"4/30/2020 19:59:35","29","Masculino","Trabajador independiente, Estudiante","5","Home Office, Aseo del hogar, Dormir, desarrollo de material de trabajo.","4","2","Sigue igual","4 a 6","3 a 6","Papá, Yo","0 a 2","0  a 3","6:00:00 AM","6:00:00 AM","4 a 6","4 a 6","Parcialmente","Ninguna","Sí","Si","No es un plan que se pueda seguir en las clases sociales bajas y media baja. Ya que vivimos al día y esto a afectado la economía y lograr obtener víveres o medicamentos. Además con los desabastos están abusando de los precios los negocios. La gente está mas preocupada por sobrevivir en el día a día, sin mencionar que muchos siguen creyendo que no es real lo del covid.","No","Algunas veces","Nunca","","","","","","","","","","","","","",""
"4/30/2020 19:59:59","22","Femenino","Estudiante","40","Aseo del hogar, Usar redes sociales, Dormir, Estudiar en linea","6","3","Sigue igual","0 a 2","3 a 6","Papá, Abuela, Tío","0 a 2","0  a 3","6:30:00 AM","10:00:00 AM","4 a 6","Más de 8","Sí","Miedo, Depresión, Ansiedad, Confusión","Si, pero no  como me gustaría","Si","Pienso que es una buena medida, aunque para algunas personas es difícil seguir el protocolo por cuestión de trabajo, pero opino que significativamente si se ha evitado que el número de contagiados sea mayor","Sí","Algunas veces","Pocas veces","","","","","","","","","","","","","",""
"4/30/2020 20:02:58","47","Masculino","Empleado","1","Dormir","8","4","Sigue igual","0 a 2","0 a 3","Abuelo","0 a 2","0  a 3","4:00:00 AM","4:00:00 AM","4 a 6","4 a 6","No","Ninguna","Sí","Si","Lo único que hacen es afectar más la 
 economía como siempre los más necesitados ","No","No","Nunca","","","","","","","","","","","","","",""
"4/30/2020 20:04:52","17","Femenino","Estudiante","50","Visitar plataformas de entretenimiento (Netflix,Amazon, Televisión...), Aseo del hogar, Usar redes sociales, Dormir, Estudiar en linea","8","8","Ha mejorado","0 a 2","3 a 6","Mamá","0 a 2","3 a 6","6:00:00 AM","7:00:00 AM","6 a 8","Más de 8","Sí","Miedo, Depresión, Enojo, Frustración","No","Si","Esta bien, aunque es una decisión que tiene muchas consecuencias. ","Sí","Si","Nunca","","","","","","","","","","","","","",""
"4/30/2020 20:13:37","23","Femenino","Estudiante","30","Visitar plataformas de entretenimiento (Netflix,Amazon, Televisión...), Aseo del hogar, Usar redes sociales, Dormir, Estudiar en linea","5","2","Sigue igual","0 a 2","0 a 3","Papá","0 a 2","3 a 6","7:30:00 AM","10:00:00 AM","4 a 6","6 a 8","Parcialmente","Miedo, Depresión, Ansiedad, Confusión","Sí","Si","Es necesario, lamentablemente no todos podemos acatarla totalmente, me gustaría pero no sé puede","No","Si","Regularmente","","","","","","","","","","","","","",""
"4/30/2020 20:17:43","33","Femenino","Empleado","30","Home Office","5","2","Sigue igual","0 a 2","0 a 3","Mamá, Papá","0 a 2","0  a 3","6:00:00 AM","7:30:00 AM","6 a 8","Más de 8","Parcialmente","Ninguna","Sí","Si","Está bien para no seguir propagando el virus","No","No","Nunca","","","","","","","","","","","","","",""
"4/30/2020 20:21:01","44","Masculino","Empleado","20","Aseo del hogar, Usar redes sociales, Estudiar en linea","4","3","Ha mejorado","2 a 4","0 a 3","Papá","0 a 2","0  a 3","5:20:00 AM","8:30:00 AM","4 a 6","6 a 8","Parcialmente","Confusión","Si, pero no  como me gustaría","Si","Sigo disfrutando a mi familia ","Sí","No","Pocas veces","","","","","","","","","","","","","",""
"4/30/2020 20:28:01","40","Femenino","Hogar","40","Visitar plataformas de entretenimiento (Netflix,Amazon, Televisión...), Aseo del hogar","5","1","Ha mejorado","0 a 2","3 a 6","Esposo","2 a 4","3 a 6","8:30:00 AM","10:00:00 AM","6 a 8","Más de 8","Parcialmente","Frustración","Si, pero no  como me gustaría","Si","Es buena opción","Sí","Algunas veces","Pocas veces","","","","","","","","","","","","","",""
"4/30/2020 20:28:29","19","Masculino","Estudiante","38","Aseo del hogar, Usar redes sociales, Videojuegos, Dormir, Estudiar en linea","5","4","Ha mejorado","0 a 2","3 a 6","Papá","0 a 2","0  a 3","9:00:00 AM","8:00:00 AM","6 a 8","6 a 8","Sí","Ninguna","Sí","Si","Es algo complicado y no va a tener nada bueno seguir así ","Sí","No","Nunca","","","","","","","","","","","","","",""
"4/30/2020 20:41:01","19","Femenino","Estudiante","44","Visitar plataformas de entretenimiento (Netflix,Amazon, Televisión...), Aseo del hogar, Usar redes sociales, Dormir, Estudiar en linea","3","5","Ha mejorado","4 a 6","Más de 9","Mamá, Papá","0 a 2","0  a 3","5:00:00 AM","10:00:00 AM","4 a 6","6 a 8","Sí","Miedo, Depresión, Ansiedad, Enojo, Frustración, Confusión","Si, pero no  como me gustaría","Si","","Sí","Algunas veces","Regularmente","","","","","","","","","","","","","",""
"4/30/2020 20:42:18","18","Masculino","Estudiante","40","Aseo del hogar, Usar redes sociales, Videojuegos, Dormir","4","4","Ha empeorado","0 a 2","6 a 9","Mamá, Abuela, Hermano o hermana","0 a 2","6 a 9","8:00:00 AM","11:00:00 AM","6 a 8","4 a 6","Sí","Depresión, Ansiedad, Enojo, Frustración, Confusión","No","Si","","No","Si","Siempre","","","","","","","","","","","","","",""
"4/30/2020 20:43:36","23","Masculino","Estudiante","25","Visitar plataformas de entretenimiento (Netflix,Amazon, Televisión...), Aseo del hogar, Usar redes sociales, Videojuegos, Dormir, Estudiar en linea","10","6","Sigue igual","4 a 6","3 a 6","Mamá, Papá, Hermano o hermana","0 a 2","0  a 3","6:00:00 AM","8:00:00 AM","2 a 4","4 a 6","Parcialmente","Ansiedad, Frustración, Confusión","Sí","Si","Me parece perfecto ","Sí","Si","Pocas veces","","","","","","","","","","","","","",""
"4/30/2020 20:49:32","36","Masculino","Empleado","30","Aseo del hogar, Usar redes sociales, Dormir","2","4","Ha mejorado","0 a 2","0 a 3","Yo","0 a 2","0  a 3","5:30:00 AM","7:00:00 AM","6 a 8","6 a 8","Sí","Frustración","Si, pero no  como me gustaría","Si","","No","No","Nunca","","","","","","","","","","","","","",""
"4/30/2020 20:53:07","25","Femenino","Hogar","30","Visitar plataformas de entretenimiento (Netflix,Amazon, Televisión...), Aseo del hogar, Usar redes sociales, Dormir","3","1","Ha empeorado","4 a 6","Todo el día","Papá","4 a 6","Todo el día","9:00:00 AM","12:00:00 PM","Más de 8","Más de 8","Sí","Miedo, Depresión, Confusión","No","Si","No me gusta. ","No","No","Siempre","","","","","","","","","","","","","",""
"4/30/2020 20:55:35","23","Femenino","Estudiante","30","Aseo del hogar, Usar redes sociales, Estudiar en linea","6","3","Sigue igual","2 a 4","0 a 3","Papá","0 a 2","0  a 3","5:00:00 AM","9:00:00 AM","4 a 6","6 a 8","Parcialmente","Depresión, Frustración","Si, pero no  como me gustaría","Si","Pienso que son medidas muy necesarias que todos deberíamos respetar. ","No","Algunas veces","Pocas veces","","","","","","","","","","","","","",""
"4/30/2020 20:56:05","22","Masculino","Estudiante","30","Aseo del hogar, Usar redes sociales, Dormir, Estudiar en linea","5","2","Ha mejorado","0 a 2","0 a 3","Mamá, Papá","0 a 2","0  a 3","8:00:00 AM","7:00:00 AM","4 a 6","4 a 6","Parcialmente","Miedo, Ansiedad","Si, pero no  como me gustaría","Si","Es algo totalmente necesario ","No","Algunas veces","Pocas veces","","","","","","","","","","","","","",""
"4/30/2020 20:59:17","25","Masculino","Desempleado, Estudiante","30","Aseo del hogar, Usar redes sociales, Dormir","3","1","Sigue igual","2 a 4","Más de 9","Mamá, Papá","0 a 2","3 a 6","7:00:00 AM","8:00:00 AM","6 a 8","6 a 8","Sí","Miedo, Depresión, Ansiedad, Enojo, Frustración, Confusión","No","Si","Pues no me gusta estar encerrado, soy muy activo, moviendome de un lugar a otro y estar encerrado me desanima mucho ","No","Si","Siempre","","","","","","","","","","","","","",""
"4/30/2020 21:02:22","26","Femenino","Enfermera","1","Trabajar","30","1","Sigue igual","0 a 2","0 a 3","Mamá, Papá","0 a 2","0  a 3","7:00:00 AM","7:00:00 AM","2 a 4","2 a 4","No","Ninguna","Si, pero no  como me gustaría","Si","Es muy buena opción cuídate y nos cuidas a todos","Sí","Si","Nunca","","","","","","","","","","","","","",""
"4/30/2020 21:02:27","22","Femenino","Empleado","43","Aseo del hogar","5","6","Ha mejorado","2 a 4","3 a 6","Mamá, Papá","0 a 2","3 a 6","6:30:00 AM","8:30:00 AM","6 a 8","Más de 8","Parcialmente","Ansiedad, Frustración","Si, pero no  como me gustaría","Si","Necesaria ","No","Algunas veces","Pocas veces","","","","","","","","","","","","","",""
"4/30/2020 21:03:01","22","Femenino","Empleado","43","Aseo del hogar","5","6","Ha mejorado","2 a 4","3 a 6","Mamá, Papá","0 a 2","3 a 6","6:30:00 AM","8:30:00 AM","6 a 8","Más de 8","Parcialmente","Ansiedad, Frustración","Si, pero no  como me gustaría","Si","Necesaria ","No","Algunas veces","Pocas veces","","","","","","","","","","","","","",""
"4/30/2020 21:06:21","26","Femenino","Empleado","45","Visitar plataformas de entretenimiento (Netflix,Amazon, Televisión...), Home Office, Usar redes sociales, Videojuegos","2","5","Sigue igual","Más de 6","Más de 9","Papá, Hermano o hermana","0 a 2","0  a 3","7:30:00 AM","10:00:00 AM","6 a 8","Más de 8","Sí","Ansiedad","Sí","Si","Es correcta pero difícil de llevar a cabo","No","Algunas veces","Nunca","","","","","","","","","","","","","",""
"4/30/2020 21:06:57","52","Masculino","Desempleado","30","Visitar plataformas de entretenimiento (Netflix,Amazon, Televisión...), Home Office, Usar redes sociales","4","1","Sigue igual","0 a 2","0 a 3","Papá","0 a 2","0  a 3","7:00:00 AM","10:00:00 AM","6 a 8","Más de 8","No","Ninguna","Sí","Si","Esta mal, porque no hay trabajo ","Sí","No","Regularmente","","","","","","","","","","","","","",""
"4/30/2020 21:10:17","45","Masculino","Desempleado","1","Visitar plataformas de entretenimiento (Netflix,Amazon, Televisión...)","2","01","Ha empeorado","0 a 2","0 a 3","Papá","0 a 2","0  a 3","6:06:00 AM","6:00:00 AM","2 a 4","2 a 4","No","Enojo","Sí","Si","Que en lugar de encerrar a los que estan sanos deberian poner en cuarentena a los disque enfermos porque es una mentira de el gobierno","Sí","Si","Regularmente","","","","","","","","","","","","","",""
"4/30/2020 21:11:38","31","Femenino","Hogar","30","Aseo del hogar","4","2","Ha empeorado","0 a 2","0 a 3","Mamá, Papá","0 a 2","0  a 3","6:00:00 AM","7:00:00 AM","6 a 8","Más de 8","Sí","Ninguna","Sí","Si","Esta mal, porque no hay trabajo ","No","No","Nunca","","","","","","","","","","","","","",""
"4/30/2020 21:13:16","32","Femenino","Empleado","1","Trabajo todo el tiempo ","3","4","Ha mejorado","0 a 2","0 a 3","Mamá","0 a 2","0  a 3","6:30:00 AM","6:30:00 AM","6 a 8","6 a 8","No","Ninguna","Sí","Si","Es una medida , que une debemos acatar , pero avenís personas que trabajamos y lo hacemos con responsabilidad , me agradaría que todas personas pensaran igual ","Sí","No","Nunca","","","","","","","","","","","","","",""
"4/30/2020 21:24:37","38","Femenino","Hogar","40","Visitar plataformas de entretenimiento (Netflix,Amazon, Televisión...), Aseo del hogar, Usar redes sociales, Dormir","3","2","Sigue igual","0 a 2","3 a 6","Papá","0 a 2","0  a 3","8:00:00 AM","10:30:00 AM","6 a 8","Más de 8","Sí","Miedo, Depresión, Ansiedad, Enojo, Confusión","No","Si","Que es muy adecuado aunq debería ser más estricto ","No","Algunas veces","Siempre","","","","","","","","","","","","","",""
"4/30/2020 21:30:56","19","Femenino","Estudiante","30","Visitar plataformas de entretenimiento (Netflix,Amazon, Televisión...), Aseo del hogar, Usar redes sociales, Videojuegos, Dormir, Estudiar en linea","3","5","Sigue igual","2 a 4","Todo el día","Papá","0 a 2","0  a 3","9:00:00 AM","10:00:00 AM","6 a 8","Más de 8","Sí","Miedo, Depresión, Ansiedad, Frustración, Confusión","Si, pero no  como me gustaría","Si","Es una buena medida, sin embargo no sirve si no se realiza bien.","No","Algunas veces","Regularmente","","","","","","","","","","","","","",""
"4/30/2020 21:31:01","21","Femenino","Empleado, Estudiante","45","Visitar plataformas de entretenimiento (Netflix,Amazon, Televisión...), Home Office, Aseo del hogar, Usar redes sociales, Videojuegos, Dormir, Estudiar en linea","7","5","Ha empeorado","2 a 4","3 a 6","Mamá, Papá","0 a 2","0  a 3","5:00:00 AM","8:00:00 AM","4 a 6","6 a 8","Sí","Miedo, Depresión, Ansiedad, Enojo, Frustración, Confusión","Sí","Si","Es lo necesario, ni bien, ni mal, lo que se tiene que hacer. ","No","Si","Siempre","","","","","","","","","","","","","",""
"4/30/2020 21:36:08","21","Femenino","Hogar, Estudiante","40","Visitar plataformas de entretenimiento (Netflix,Amazon, Televisión...), Aseo del hogar, Dormir, Estudiar en linea","5","1","Sigue igual","2 a 4","0 a 3","Papá, Hermano o hermana","0 a 2","0  a 3","4:00:00 AM","7:00:00 AM","4 a 6","6 a 8","Parcialmente","Depresión, Ansiedad, Enojo, Frustración","Si, pero no  como me gustaría","Si","Esta bien solo que la mayoria de las personas no pueden porque tienen la necesidad de salir a trabajar ","No","Algunas veces","Regularmente","","","","","","","","","","","","","",""
"4/30/2020 21:40:22","41","Femenino","Empleado","20","Visitar plataformas de entretenimiento (Netflix,Amazon, Televisión...), Aseo del hogar, Usar redes sociales, Dormir","1","6","Ha empeorado","0 a 2","0 a 3","Mamá, Papá","0 a 2","6 a 9","6:00:00 AM","11:00:00 AM","6 a 8","Más de 8","Parcialmente","Miedo","Si, pero no  como me gustaría","Si","No sirve de nada deberíamos de seguir las medidas de seguridad y seguir laborando x q muchos salimos afectados económicamente ","Sí","No","Nunca","","","","","","","","","","","","","",""
"4/30/2020 21:41:28","28","Femenino","Trabajador independiente","25","Aseo del hogar, Usar redes sociales, Dormir","1","1","Ha mejorado","2 a 4","3 a 6","Mamá","0 a 2","0  a 3","5:00:00 AM","6:00:00 AM","4 a 6","6 a 8","Parcialmente","Depresión, Ansiedad","No","Si","Es difícil por qué las mamás solteras no tenemos el apoyo y vamos al día con nuestra economía","Sí","Si","Regularmente","","","","","","","","","","","","","",""
"4/30/2020 21:42:35","21","Femenino","Estudiante","48","Visitar plataformas de entretenimiento (Netflix,Amazon, Televisión...), Aseo del hogar, Usar redes sociales, Videojuegos, Dormir, Estudiar en linea","2","5","Ha empeorado","0 a 2","3 a 6","Mamá","0 a 2","0  a 3","4:00:00 AM","7:00:00 AM","4 a 6","6 a 8","Sí","Miedo, Depresión, Enojo, Frustración","Sí","Si","","No","No","Siempre","","","","","","","","","","","","","",""
"4/30/2020 21:46:29","23","Masculino","Trabajador independiente","7","Aseo del hogar","2","3","Sigue igual","0 a 2","0 a 3","Mamá","2 a 4","6 a 9","12:08:00 AM","12:10:00 AM","2 a 4","2 a 4","No","Enojo","No","Si","sin comentarios ","No","No","Pocas veces","","","","","","","","","","","","","",""
"4/30/2020 21:47:30","24","Femenino","Empleado, Estudiante","20","Visitar plataformas de entretenimiento (Netflix,Amazon, Televisión...), Home Office, Estudiar en linea","3","3","Sigue igual","0 a 2","0 a 3","Mamá, Papá","0 a 2","3 a 6","8:00:00 AM","9:00:00 AM","2 a 4","6 a 8","Parcialmente","Miedo, Depresión, Ansiedad, Enojo, Frustración","No","Si","Es necesario","No","Algunas veces","Siempre","","","","","","","","","","","","","",""
"4/30/2020 21:51:24","20","Femenino","Estudiante","46","Visitar plataformas de entretenimiento (Netflix,Amazon, Televisión...), Dormir, Estudiar en linea","3","1","Sigue igual","0 a 2","0 a 3","Papá, Hermano o hermana","0 a 2","0  a 3","11:00:00 AM","11:00:00 AM","Más de 8","6 a 8","Sí","Miedo, Ansiedad, Enojo, Frustración, Confusión","Si, pero no  como me gustaría","Si","Que es algo difícil y no todo mundo puede cumplir con ello, y sí traerá consecuencias difíciles, pero de las diferentes opciones es la mejor hasta ahorita","No","Si","Pocas veces","","","","","","","","","","","","","",""
"4/30/2020 22:02:53","21","Femenino","Empleado, Estudiante","21","Visitar plataformas de entretenimiento (Netflix,Amazon, Televisión...), Home Office, Aseo del hogar, Usar redes sociales, Dormir, Estudiar en linea","2","2","Ha empeorado","0 a 2","3 a 6","Yo","0 a 2","0  a 3","8:30:00 AM","8:00:00 AM","4 a 6","6 a 8","Parcialmente","Ansiedad, Enojo, Frustración","No","Si","Correcto","Sí","Si","Regularmente","","","","","","","","","","","","","",""
"4/30/2020 22:09:43","51","Femenino","Empleado","30","Aseo del hogar, Usar redes sociales","3","2","Ha mejorado","2 a 4","3 a 6","Mamá, Papá","0 a 2","3 a 6","6:00:00 AM","9:00:00 AM","6 a 8","Más de 8","Sí","Miedo, Ansiedad","No","Si","La más adecuada","Sí","Algunas veces","Siempre","","","","","","","","","","","","","",""
"4/30/2020 22:10:49","19","Masculino","Estudiante","30","Visitar plataformas de entretenimiento (Netflix,Amazon, Televisión...), Aseo del hogar, Usar redes sociales, Videojuegos","15","7","Ha mejorado","4 a 6","0 a 3","Mamá, Papá","2 a 4","3 a 6","9:00:00 AM","11:00:00 AM","6 a 8","Más de 8","Parcialmente","Ninguna","Sí","Si","Que debemos acatar ordenes y más que nada tomar nuestras medidas de suguridad","Sí","Algunas veces","Pocas veces","","","","","","","","","","","","","",""
"4/30/2020 22:16:06","45","Femenino","Trabajador independiente","31","Usar redes sociales","4","1","Sigue igual","0 a 2","0 a 3","Tengo ahorro","0 a 2","0  a 3","6:00:00 AM","8:30:00 AM","6 a 8","4 a 6","Sí","Miedo","Sí","Si","Pues que es una buena manera de cuidar nuestra salud para que termine esto pronto","Sí","Si","A menudo","","","","","","","","","","","","","",""
"4/30/2020 22:24:03","25","Femenino","Desempleado","20","Visitar plataformas de entretenimiento (Netflix,Amazon, Televisión...), Aseo del hogar, Usar redes sociales, Estudiar en linea","4","2","Sigue igual","0 a 2","3 a 6","Papá","2 a 4","3 a 6","7:00:00 AM","10:00:00 AM","Más de 8","Más de 8","Sí","Ansiedad, Frustración, Confusión","Sí","Si","Q afuera los q tienen q trabajar tienen q salir porq van al día y el gobierno no ayuda mucho","No","Si","Regularmente","","","","","","","","","","","","","",""
"4/30/2020 22:26:11","22","Masculino","Estudiante","30","Visitar plataformas de entretenimiento (Netflix,Amazon, Televisión...), Aseo del hogar, Usar redes sociales, Videojuegos, Dormir, Estudiar en linea","4","4","Sigue igual","2 a 4","3 a 6","Abuelo","0 a 2","0  a 3","11:00:00 AM","11:00:00 AM","6 a 8","6 a 8","Sí","Ansiedad","Sí","Si","Creo que es algo bueno pero muchas personas no les importa y por eso estamos dias de mas encerrados, aunque para mi es como algunas vacaciones","No","Si","Siempre","","","","","","","","","","","","","",""
"4/30/2020 22:32:04","42","Masculino","Trabajador independiente","25","Visitar plataformas de entretenimiento (Netflix,Amazon, Televisión...), Aseo del hogar","4","8","Ha mejorado","2 a 4","Más de 9","Mamá, Papá, Hermano o hermana","0 a 2","6 a 9","5:00:00 AM","8:00:00 AM","4 a 6","6 a 8","Parcialmente","Ansiedad, Confusión","Si, pero no  como me gustaría","Si","Bueno insuficiente","No","Algunas veces","Pocas veces","","","","","","","","","","","","","",""
"4/30/2020 22:37:10","19","Masculino","Estudiante","30","Aseo del hogar, Usar redes sociales, Videojuegos, Dormir","4","3","Sigue igual","2 a 4","3 a 6","Papá","0 a 2","3 a 6","5:00:00 AM","10:00:00 AM","6 a 8","Más de 8","Parcialmente","Depresión, Ansiedad, Confusión","Si, pero no  como me gustaría","Si","Es efectivo, si todos lo siguieramos al pie de la letra ","Sí","Algunas veces","Pocas veces","","","","","","","","","","","","","",""
"4/30/2020 22:39:22","29","Femenino","Hogar","40","Aseo del hogar, Usar redes sociales","3","2","Ha mejorado","0 a 2","3 a 6","Papá","0 a 2","3 a 6","9:00:00 AM","11:00:00 AM","2 a 4","2 a 4","Sí","Miedo","Sí","Si","Solo dificulta la situacion pues ahora no trabajo y yo apostaba al hogar y eso es un gran problema mis hijas no saben si hay o no ellas quieren cosas las cuales ahorita no se las puedo comprar","No","Si","Siempre","","","","","","","","","","","","","",""
"4/30/2020 22:40:58","51","Femenino","Trabajador independiente, Hogar","45","Mi trabajo esta en mi casa ","4","4","Sigue igual","2 a 4","Más de 9","Mamá, Papá","0 a 2","0  a 3","7:40:00 AM","7:40:00 AM","4 a 6","4 a 6","Sí","Ansiedad, Enojo, Frustración","Sí","Si","Me parece bien pero tambien entiendo que hay personas que no se pueden ""dar el lujo"" de quedarse en casa ","No","Algunas veces","A menudo","","","","","","","","","","","","","",""
"4/30/2020 22:42:58","25","Masculino","Estudiante","30","Home Office, Aseo del hogar, Usar redes sociales, Videojuegos, Estudiar en linea","1","2","Sigue igual","0 a 2","0 a 3","Papá","0 a 2","0  a 3","7:00:00 AM","8:00:00 AM","4 a 6","4 a 6","Sí","Ninguna","Sí","Si","Con respecto a esta situación opino que es una buena medida acerca de quedarnos en casa, lamentablemente es algo que no nos gusta a la mayoría, pero estoy a favor de tomar muy enserio esta medida, por lo que he investigado, no es que el virus sea letal, de hecho, actualmente tiene una tasa de mortalidad baja a comparación de otras enfermedades, y aquí entra en duda porque si no están letal debemos quedarnos en casa, bueno el virus es muy contagioso y lamentablemente en nuestro país no contamos con muchos recursos para los respectivos hospitales, centros de salud etc.  y que estos a su vez puedan atender a todos los contagiados, por eso se anda tomando esta medida, la idea principalmente es no contagiarse, y para los que ya portan el virus pues no esparcirlo a las demás personas, hay que tratar de evitar el caso de Italia y España, ya que como se menciona el virus se esparce de manera espontánea.
Ahora, como ciudadano pues voy a quedarme en casa, la ventaja de hoy en día es que tenemos a la tecnología de nuestro lado, y podemos hacer muchas cosas, principalmente no perder la comunicación con nuestro entorno, en cuanto a la escuela existen muchas herramientas y actualmente se están empleando para hacer clases virtuales y cosas de ese estilo, con la vida personal y social, creo que hay que hay que ser conscientes de la situación y bien tratar de cuidar nuestra salud, tanto física como mental, ya que vendrán días duros, creo que es recomendable comer bien, hacer ejercicio, ser higiénicos siempre y tratar de comprar lo necesario ya que la gente se asusta mucho, hace compras excesivas y con eso afecta a los demás, de hecho me enterado de que en muchos pueblos ya restringen el paso y no dejan salir a la gente por miedo al contagio, creo que solo hay que ser conscientes y tener los cuidados adecuados, ya que todos necesitamos recursos para sobrellevar la situación. 
Sé que también está el lado de la gente que no puede dejar de trabajar porque su trabajo no cuenta con lo necesario para poder hacer home office o este tipo de actividades, y no pueden pues darse el lujo de quedarse en casa, para estos casos considero que se tomen las medidas necesarias para tratar de no contraer el virus, como lavarse las manos con frecuencia, evitar el contacto con la gente, el uso de mascarilla si están enfermos, incluso si es necesario al llegar a sus respectivas casas tomar una ducha y lavar su ropa para evitar contagiar a sus respectivas familias, recordemos que el virus tarda en presentar síntomas.
También considero que es bueno mantenerse informado de fuentes confiables ya que la gente exagera, actualmente se toman todo muy enserio y lo he visto mucho en plataformas como Facebook.  Esto es muy importante para estar al tanto de la situación y así poder tomar las medidas correspondientes. Cuidemos nuestra salud.
","Sí","Algunas veces","Nunca","","","","","","","","","","","","","",""
"4/30/2020 22:46:47","19","Femenino","Empleado","26","Visitar plataformas de entretenimiento (Netflix,Amazon, Televisión...), Mi trabajo esta en mi casa","4","3","Sigue igual","4 a 6","3 a 6","Mamá, Papá","0 a 2","0  a 3","8:40:00 AM","8:40:00 AM","2 a 4","2 a 4","Parcialmente","Depresión, Ansiedad","Sí","Si","Me parece bien ya que nos protejen pero para mi me hes imposible quedarme en casa ","No","Si","Regularmente","","","","","","","","","","","","","",""
"4/30/2020 22:54:27","22","Masculino","Empleado, Estudiante","50","Home Office, Aseo del hogar, Usar redes sociales, Estudiar en linea","7","3","Ha mejorado","2 a 4","3 a 6","Papá","0 a 2","0  a 3","5:00:00 AM","10:00:00 AM","4 a 6","4 a 6","Parcialmente","Frustración","Si, pero no  como me gustaría","Si","Las personas no están preparadas para dejar de hacer sus actividades diarias de la noche a la mañana pero la manera en que han manejado toda la situación que a mi parecer es difundir ""miedo"" ah funcionado, y de alguna manera no ah estado tan mal en mi parecer ","Sí","Si","Regularmente","","","","","","","","","","","","","",""
"4/30/2020 22:56:50","26","Masculino","Empleado","15","Visitar plataformas de entretenimiento (Netflix,Amazon, Televisión...), Home Office, Aseo del hogar, Usar redes sociales, Estudiar en linea","4","2","Ha mejorado","0 a 2","0 a 3","Papá","0 a 2","3 a 6","5:00:00 AM","8:00:00 AM","4 a 6","6 a 8","Sí","Miedo, Depresión, Ansiedad, Enojo, Frustración, Confusión","Sí","Si","Considero que es adecuada, para personas que tienen una proyección de un siniestro o catástrofe inesperada, ya que tienen valores sobre el ahorro, las personas con falta económica sufren en estos casos, en lo personal puedo disfrutar más de mi familia. Y valorar las cosas que tenemos. ","Sí","Si","Pocas veces","","","","","","","","","","","","","",""
"4/30/2020 22:58:15","20","Masculino","Estudiante","30","Visitar plataformas de entretenimiento (Netflix,Amazon, Televisión...), Aseo del hogar, Usar redes sociales, Videojuegos, Dormir, Estudiar en linea","3","6","Sigue igual","0 a 2","3 a 6","Mamá","0 a 2","0  a 3","5:00:00 AM","12:30:00 PM","4 a 6","6 a 8","Sí","Depresión, Ansiedad, Frustración, Confusión","Si, pero no  como me gustaría","Si","Al ser tan repentina la emergencia y al tener que realizar acciones inmediatas, es algo no tan bien pensado ya que hay personas que sí viven al día, y también el problema son aquellas personas que no viven al día pero se empeñan en hacer como si esto no fuera serio. En fin, creo que es la mejor alternativa quedarse en casa, el problema radica en las personas que no lo siguen por mera ignorancia y las que se ven obligadas a no seguirlo del todo porque viven al día.","Sí","Si","Regularmente","","","","","","","","","","","","","",""
"4/30/2020 22:58:29","50","Femenino","Empleado","30","Aseo del hogar","5","2","Sigue igual","0 a 2","0 a 3","Papá","0 a 2","0  a 3","6:30:00 AM","7:30:00 AM","2 a 4","2 a 4","Parcialmente","Frustración","No","Si","Pues es para k ya no halla más enfermos de Covid  19","No","Algunas veces","Pocas veces","","","","","","","","","","","","","",""
"4/30/2020 23:00:51","59","Femenino","Empleado","30","Aseo del hogar","4","2","Ha mejorado","0 a 2","0 a 3","Papá","0 a 2","0  a 3","7:00:00 AM","8:00:00 AM","6 a 8","6 a 8","Parcialmente","Miedo","No","Si","Es buena medida de prevención aunque resulta difícil porque tenemos que salir a comprar alimentos, ir al médico, en mi caso, uno de mís hijos tiene que salir a trabajar, por lo consiguiente estamos en  constante riesgo. El IMSS hace dar vueltas por los medicamentos.  Sin embargo en casa hacemos todo lo posible para cuidarnos.","Sí","No","Nunca","","","","","","","","","","","","","",""
"4/30/2020 23:01:47","18","Femenino","Hogar","30","Visitar plataformas de entretenimiento (Netflix,Amazon, Televisión...)","6","2","Sigue igual","2 a 4","Más de 9","Papá","0 a 2","3 a 6","11:10:00 AM","12:00:00 PM","6 a 8","Más de 8","Sí","Enojo","No","Si","Pues que esta bien cuidarnos y cuidar alos demas pero aavemos algunos que tenemos que sali a trabajar y por la cuarentena se a escaseado todo ","No","Algunas veces","Pocas veces","","","","","","","","","","","","","",""
"4/30/2020 23:04:55","21","Femenino","Estudiante","45","Visitar plataformas de entretenimiento (Netflix,Amazon, Televisión...), Aseo del hogar, Estudiar en linea","7","3","Ha mejorado","2 a 4","0 a 3","Mamá, Papá","0 a 2","0  a 3","7:00:00 AM","7:00:00 AM","4 a 6","6 a 8","Sí","Miedo","Si, pero no  como me gustaría","Si","Esta bien para las personas que tienen el sustento en casa, pero para aquellas familias de bajos recursos esta muy dificil para sustentar a sus familias.
En mi opinion el gobierno deberia apoyar a las familias mas nececitadas. ","Sí","No","Nunca","","","","","","","","","","","","","",""
"4/30/2020 23:08:21","20","Masculino","Estudiante","38","Visitar plataformas de entretenimiento (Netflix,Amazon, Televisión...), Aseo del hogar, Usar redes sociales, Dormir, Estudiar en linea","3","10","Sigue igual","0 a 2","3 a 6","Mamá, Papá","0 a 2","3 a 6","9:00:00 AM","10:00:00 AM","Más de 8","Más de 8","Sí","Ansiedad, Confusión","Sí","Si","Es una forma de mantener los contagios al mínimo pero la gente se cansa de estar en casa","No","No","Nunca","","","","","","","","","","","","","",""
"4/30/2020 23:09:58","47","Masculino","Empleado","21","Visitar plataformas de entretenimiento (Netflix,Amazon, Televisión...)","3","1","Sigue igual","0 a 2","0 a 3","Papá","0 a 2","0  a 3","5:30:00 AM","9:00:00 AM","6 a 8","6 a 8","Sí","Ninguna","No","Si","Qué es algo necesario para estar bien","Sí","Algunas veces","Nunca","","","","","","","","","","","","","",""
"4/30/2020 23:11:18","39","Femenino","Hogar","50","Aseo del hogar","5","2","Ha empeorado","0 a 2","6 a 9","Papá","0 a 2","0  a 3","9:00:00 AM","9:00:00 AM","6 a 8","2 a 4","Sí","Enojo","Si, pero no  como me gustaría","Si","Está bien aburrido","No","Algunas veces","Siempre","","","","","","","","","","","","","",""
"4/30/2020 23:30:32","28","Masculino","Empleado","20","Home Office, Aseo del hogar, Videojuegos, Estudiar en linea","4","2","Sigue igual","0 a 2","0 a 3","Papá, Yo","0 a 2","0  a 3","6:00:00 AM","8:00:00 AM","6 a 8","Más de 8","Parcialmente","Ninguna","Sí","Si","Debería ser más estricto con la gente que no sigue el protocolo o que aparentemente no se vea que lo sigan ","No","Algunas veces","Pocas veces","","","","","","","","","","","","","",""
"4/30/2020 23:33:17","16","Femenino","Estudiante","2","Estudiar en linea","3","2","Sigue igual","0 a 2","0 a 3","Mamá","0 a 2","0  a 3","6:00:00 AM","7:00:00 AM","2 a 4","2 a 4","Sí","Ninguna","No","Si"," Está bien así todos nos protegemos y nos cuidamos  ","Sí","No","Pocas veces","","","","","","","","","","","","","",""
"4/30/2020 23:37:53","22","Femenino","Hogar, Estudiante","45","Visitar plataformas de entretenimiento (Netflix,Amazon, Televisión...), Home Office, Aseo del hogar, Usar redes sociales, Dormir, Estudiar en linea","2","1","Sigue igual","Más de 6","Más de 9","Mamá","0 a 2","0  a 3","6:40:00 AM","7:00:00 AM","6 a 8","6 a 8","Parcialmente","Miedo","Sí","Si","Ninguna","No","Si","A menudo","","","","","","","","","","","","","",""
"4/30/2020 23:38:02","23","Masculino","Estudiante","30","Visitar plataformas de entretenimiento (Netflix,Amazon, Televisión...), Aseo del hogar, Usar redes sociales, Videojuegos, Dormir","3","2","Ha empeorado","0 a 2","6 a 9","Mamá","0 a 2","0  a 3","6:00:00 AM","11:00:00 AM","4 a 6","Más de 8","Sí","Ansiedad, Enojo, Frustración","Si, pero no  como me gustaría","Si","No es muy efectivo y terminará perjudicandonos","Sí","Si","Pocas veces","","","","","","","","","","","","","",""
"4/30/2020 23:56:44","30","Masculino","Estudiante","15","Estudiar en linea","4","4","Sigue igual","0 a 2","3 a 6","Papá","0 a 2","6 a 9","9:00:00 AM","10:00:00 AM","6 a 8","6 a 8","Parcialmente","Ansiedad, Frustración, Confusión","Sí","Si","Para una economía cómo la mexicana es frustrante e incierto económicamente, generando caos y delincuencia","No","Si","A menudo","","","","","","","","","","","","","",""
"5/1/2020 0:02:18","24","Femenino","Empleado","2","Visitar plataformas de entretenimiento (Netflix,Amazon, Televisión...)","3","3","Sigue igual","0 a 2","0 a 3","Papá","0 a 2","0  a 3","7:30:00 AM","9:00:00 AM","6 a 8","6 a 8","Parcialmente","Frustración","Sí","Si","Esta bien prevenir a los seres humanos, que dándote en casa, solo que en realidad sí está afectando a muchas familias ya que viven al día en algunos casos. Opino que hay otras alternativas para sobre llevar el tema ","Sí","No","Pocas veces","","","","","","","","","","","","","",""
"5/1/2020 0:13:54","22","Femenino","Estudiante","39","Aseo del hogar, Usar redes sociales, Estudiar en linea","6","1","Ha empeorado","0 a 2","3 a 6","Papá, Hermano o hermana","0 a 2","0  a 3","6:40:00 AM","8:15:00 AM","6 a 8","4 a 6","Sí","Depresión, Ansiedad, Confusión","Sí","Si","Es una medida ecesaria","No","Si","Siempre","","","","","","","","","","","","","",""
"5/1/2020 0:24:17","35","Masculino","Empleado","40","Visitar plataformas de entretenimiento (Netflix,Amazon, Televisión...)","4","2","Sigue igual","0 a 2","0 a 3","Papá","0 a 2","0  a 3","8:00:00 AM","8:00:00 AM","6 a 8","6 a 8","Sí","Ninguna","Sí","Si","Pésimo pero ai que seguir el protocolo","Sí","No","A menudo","","","","","","","","","","","","","",""
"5/1/2020 0:28:47","30","Femenino","Hogar","40","Aseo del hogar","4","2","Sigue igual","0 a 2","0 a 3","Papá","0 a 2","3 a 6","8:00:00 AM","8:00:00 AM","4 a 6","6 a 8","Parcialmente","Frustración","Sí","Si","Esta bien para no contagiarse","Sí","Algunas veces","A menudo","","","","","","","","","","","","","",""
"5/1/2020 0:31:19","46","Femenino","Empleado","40","Visitar plataformas de entretenimiento (Netflix,Amazon, Televisión...), Home Office, Aseo del hogar, Usar redes sociales, Dormir","2","2","Sigue igual","2 a 4","0 a 3","Papá","2 a 4","0  a 3","5:30:00 AM","9:00:00 AM","6 a 8","Más de 8","Sí","Miedo, Ansiedad","Sí","Si","Necesario para reducir contagio debería ser más estricto.","No","Si","Pocas veces","","","","","","","","","","","","","",""
"5/1/2020 0:47:34","40","Masculino","Trabajador independiente, Hogar","45","Visitar plataformas de entretenimiento (Netflix,Amazon, Televisión...), Aseo del hogar, Usar redes sociales, Dormir","3","1","Sigue igual","0 a 2","Todo el día","Mamá","0 a 2","0  a 3","7:00:00 AM","1:30:00 PM","6 a 8","6 a 8","Sí","Depresión, Ansiedad, Enojo, Frustración","Sí","Si","Que realmente muchas personas no la respetan...","No","Si","Siempre","","","","","","","","","","","","","",""
"5/1/2020 0:48:06","19","Masculino","Estudiante","60","Visitar plataformas de entretenimiento (Netflix,Amazon, Televisión...), Aseo del hogar, Usar redes sociales, Videojuegos, Dormir, Estudiar en linea","4","18","Ha empeorado","0 a 2","0 a 3","Papá","4 a 6","Más de 9","5:30:00 AM","7:30:00 AM","4 a 6","6 a 8","Sí","Ninguna","Sí","Si",".","No","Si","Pocas veces","","","","","","","","","","","","","",""
"5/1/2020 0:53:16","35","Femenino","Empleado","40","Visitar plataformas de entretenimiento (Netflix,Amazon, Televisión...), Home Office, Aseo del hogar, Usar redes sociales, Videojuegos, Dormir","3","1","Sigue igual","0 a 2","3 a 6","Yo","0 a 2","0  a 3","8:00:00 AM","11:00:00 AM","6 a 8","4 a 6","Sí","Depresión, Ansiedad, Enojo, Frustración","Si, pero no  como me gustaría","Si","No se ha respetado ","No","Si","A menudo","","","","","","","","","","","","","",""
"5/1/2020 0:56:51","23","Masculino","Empleado, Estudiante","46","Visitar plataformas de entretenimiento (Netflix,Amazon, Televisión...), Home Office, Aseo del hogar, Usar redes sociales, Videojuegos, Dormir, Estudiar en linea","4","6","Sigue igual","4 a 6","3 a 6","Mamá, Papá","0 a 2","0  a 3","8:00:00 AM","9:00:00 AM","6 a 8","6 a 8","Sí","Depresión, Ansiedad, Confusión","Sí","Si","","Sí","Algunas veces","Pocas veces","","","","","","","","","","","","","",""
"5/1/2020 1:04:24","24","Masculino","Empleado","50","Home Office, Aseo del hogar, Videojuegos, Dormir, Estudiar en linea","1","2","Ha empeorado","2 a 4","0 a 3","Yo","0 a 2","0  a 3","5:30:00 AM","6:45:00 AM","6 a 8","4 a 6","Parcialmente","Depresión, Ansiedad, Enojo, Frustración","Sí","Si","Inncesario","No","Si","A menudo","","","","","","","","","","","","","",""
"5/1/2020 1:22:49","23","Femenino","Hogar","36","Aseo del hogar, Dormir","4","5","Sigue igual","2 a 4","3 a 6","Esposo y yo","2 a 4","Todo el día","7:00:00 AM","10:00:00 AM","6 a 8","6 a 8","Parcialmente","Ansiedad, Enojo, Frustración","No","Si","Innecesario ","No","Si","Siempre","","","","","","","","","","","","","",""
"5/1/2020 1:28:59","21","Femenino","Estudiante","25","Visitar plataformas de entretenimiento (Netflix,Amazon, Televisión...), Aseo del hogar, Usar redes sociales, Videojuegos, Dormir, Estudiar en linea","3","2","Ha mejorado","2 a 4","6 a 9","Papá","0 a 2","6 a 9","8:00:00 AM","11:30:00 AM","6 a 8","Más de 8","Sí","Depresión, Ansiedad, Enojo, Frustración","No","Si","Muy bien, pero mucha gente ignorante no sabe respetar las normas, muchas personas tienen necesidad de trabajar respetan las normas pero muchas otras solo les vale el bienestar suyo y de los demás  ","Sí","Si","Siempre","","","","","","","","","","","","","",""
"5/1/2020 1:47:18","55","Femenino","Hogar","27","Visitar plataformas de entretenimiento (Netflix,Amazon, Televisión...), Aseo del hogar, Usar redes sociales, Dormir, Leer","9","2","Ha mejorado","0 a 2","3 a 6","Papá","2 a 4","0  a 3","9:00:00 AM","11:00:00 AM","6 a 8","Más de 8","Sí","Confusión","No","Si","Es por nuestra seguridad ,aunq en donde vivo a la gente no le importa nada creen q es mentira pero si es mentira o no ,nosotros tenemos higiene suficiente y no salimos ","No","Si","Nunca","","","","","","","","","","","","","",""
"5/1/2020 2:06:16","24","Masculino","Estudiante","60","Aseo del hogar, Usar redes sociales, Videojuegos","4","8","Sigue igual","2 a 4","3 a 6","Papá, Hermano o hermana","0 a 2","0  a 3","9:30:00 AM","9:30:00 AM","4 a 6","6 a 8","Sí","Ninguna","No","Si","Que deberían seguirlo, no es difícil quedarse en casa y salir solo para lo necesario","No","No","Pocas veces","","","","","","","","","","","","","",""
"5/1/2020 2:24:29","34","Femenino","Empleado","20","Visitar plataformas de entretenimiento (Netflix,Amazon, Televisión...), Aseo del hogar, Estudiar en linea","2","2","Ha mejorado","0 a 2","0 a 3","Mamá","0 a 2","0  a 3","7:00:00 AM","8:30:00 AM","4 a 6","6 a 8","Sí","Miedo, Ansiedad","Si, pero no  como me gustaría","Si","Es por protección personal, familiar y del entorno, que también por otra parte la economía se detiene y con ello muchas familias padecen de ingresos, mi opinión es quedarse en casa el mayor tiempo posible, de no ser así, tomar las medidas adecuadas para evitar ser víctimas de contagio. ","Sí","Si","Regularmente","","","","","","","","","","","","","",""
"5/1/2020 3:00:05","25","Femenino","Empleado, Estudiante","42","Visitar plataformas de entretenimiento (Netflix,Amazon, Televisión...), Aseo del hogar, Estudiar en linea","3","5","Sigue igual","2 a 4","3 a 6","Mi pareja ","2 a 4","6 a 9","6:00:00 AM","10:00:00 AM","4 a 6","6 a 8","Sí","Depresión, Ansiedad, Frustración","Si, pero no  como me gustaría","Si","Es muy bueno pensar en la salud antes de pensar en cualquier otra cosa pero en mi caso estoy demasiado preocupada por que he seguido al pie de la letra el protocolo por que mi mamá vive conmigo y es mayor de edad, la cuido mucho y yo aún no puedo salir a trabajar y me estoy quedando sin recursos económicos. ","No","Si","A menudo","","","","","","","","","","","","","",""
"5/1/2020 5:37:18","27","Masculino","Desempleado","30","Usar redes sociales","5","2","Ha mejorado","0 a 2","0 a 3","Papá","0 a 2","0  a 3","6:00:00 AM","8:00:00 AM","6 a 8","Más de 8","Sí","Ninguna","No","Si","Es una medida muy buena y que nos va ayudar a salir adelante","Sí","No","Pocas veces","","","","","","","","","","","","","",""
"5/1/2020 7:19:01","36","Femenino","Trabajador independiente, Hogar","45","Visitar plataformas de entretenimiento (Netflix,Amazon, Televisión...), Aseo del hogar, Usar redes sociales, Dormir","4","12","Sigue igual","0 a 2","0 a 3","Hermano o hermana","0 a 2","6 a 9","6:30:00 AM","9:00:00 AM","6 a 8","2 a 4","Sí","Miedo, Ansiedad, Enojo, Frustración","Si, pero no  como me gustaría","Si","Esta muy bien para protegernos","Sí","Si","Pocas veces","","","","","","","","","","","","","",""
"5/1/2020 8:12:43","39","Femenino","Empleado","30","Visitar plataformas de entretenimiento (Netflix,Amazon, Televisión...), Home Office, Aseo del hogar, Usar redes sociales, Dormir","2","1","Ha mejorado","2 a 4","3 a 6","Mamá, Papá","0 a 2","3 a 6","6:00:00 AM","7:00:00 AM","6 a 8","Más de 8","Sí","Ansiedad","Sí","Si","Bueno ","Sí","Si","Pocas veces","","","","","","","","","","","","","",""
"5/1/2020 8:35:18","45","Femenino","Empleado","15","Aseo del hogar","1","2","Ha empeorado","0 a 2","0 a 3","Yo","0 a 2","0  a 3","5:45:00 AM","6:30:00 AM","4 a 6","4 a 6","Parcialmente","Confusión","Si, pero no  como me gustaría","Si","Que es por el bienestar de todos y cada uno de nosotros, especialmente por las personas más vulnerables.","No","No","A menudo","","","","","","","","","","","","","",""
"5/1/2020 8:40:48","42","Femenino","Hogar","40","Visitar plataformas de entretenimiento (Netflix,Amazon, Televisión...), Aseo del hogar, Usar redes sociales, Manualidades y juegos de mesa.","3","3","Ha mejorado","2 a 4","0 a 3","Papá","2 a 4","0  a 3","5:30:00 AM","7:30:00 AM","4 a 6","4 a 6","Parcialmente","Ansiedad, Enojo, Frustración, Confusión","Si, pero no  como me gustaría","Si","Es correcto, pero deberían ser más estrictos con las reglas para quienes lo pasan por alto.","Sí","Algunas veces","Pocas veces","","","","","","","","","","","","","",""
"5/1/2020 8:44:15","36","Femenino","Empleado","30","Aseo del hogar, Usar redes sociales","1","5","Sigue igual","0 a 2","0 a 3","Yo","0 a 2","0  a 3","4:00:00 AM","8:00:00 AM","6 a 8","6 a 8","Sí","Fallecio mi papa","Sí","Si","Todo pasa x algo ,mejor en casa ","Sí","Algunas veces","Pocas veces","","","","","","","","","","","","","",""
"5/1/2020 9:07:31","38","Masculino","Desempleado","20","Visitar plataformas de entretenimiento (Netflix,Amazon, Televisión...), Usar redes sociales, Lavar mi carro","4","2","Ha empeorado","2 a 4","Todo el día","Nadie ya nos acabamos el dineeo","2 a 4","3 a 6","8:01:00 AM","10:00:00 AM","6 a 8","6 a 8","Parcialmente","Miedo, Ansiedad, Enojo, Frustración","No","Si","Ya ni te se","No","Si","Pocas veces","","","","","","","","","","","","","",""
"5/1/2020 9:37:27","34","Femenino","Trabajador independiente","30","Visitar plataformas de entretenimiento (Netflix,Amazon, Televisión...), Aseo del hogar, Usar redes sociales, Dormir","2","2","Sigue igual","0 a 2","0 a 3","Mamá","0 a 2","0  a 3","7:00:00 AM","8:00:00 AM","6 a 8","Más de 8","Sí","Miedo, Ansiedad, Enojo, Frustración","No","Si","Necesaria","Sí","Si","Siempre","","","","","","","","","","","","","",""
"5/1/2020 9:45:09","20","Femenino","Estudiante","60","Visitar plataformas de entretenimiento (Netflix,Amazon, Televisión...), Aseo del hogar, Usar redes sociales, Videojuegos, Dormir, Estudiar en linea","2","10","Ha mejorado","2 a 4","6 a 9","Mamá","0 a 2","0  a 3","6:30:00 AM","7:30:00 AM","6 a 8","4 a 6","Parcialmente","Ninguna","Si, pero no  como me gustaría","Si","Estoy satisfecha","No","Algunas veces","Nunca","","","","","","","","","","","","","",""
"5/1/2020 10:00:11","25","Masculino","Empleado","45","Visitar plataformas de entretenimiento (Netflix,Amazon, Televisión...), Home Office, Aseo del hogar, Usar redes sociales, Videojuegos, Dormir, Estudiar en linea","1","1","Sigue igual","0 a 2","0 a 3","Yo","0 a 2","0  a 3","5:00:00 AM","6:00:00 AM","4 a 6","4 a 6","Sí","Enojo, Frustración","Si, pero no  como me gustaría","Si","Ni modos ","No","No","Pocas veces","","","","","","","","","","","","","",""
"5/1/2020 10:45:33","25","Femenino","Estudiante","60","Visitar plataformas de entretenimiento (Netflix,Amazon, Televisión...), Aseo del hogar, Usar redes sociales, Videojuegos, Dormir, Estudiar en linea, Hacer ejercicio","3","5","Ha mejorado","0 a 2","0 a 3","Mamá","2 a 4","3 a 6","5:00:00 AM","9:00:00 AM","4 a 6","6 a 8","Sí","Ninguna","Sí","Si","Es una manera de que la propagación llegué a niveles en los que no se puede propagar, pero en lo personal la ejecución no fue la correcta ","Sí","Si","Siempre","","","","","","","","","","","","","",""
"5/1/2020 11:23:55","23","Masculino","Estudiante","45","Visitar plataformas de entretenimiento (Netflix,Amazon, Televisión...), Aseo del hogar, Usar redes sociales, Videojuegos, Dormir, Estudiar en linea, Hago ejercicio","2","6","Sigue igual","2 a 4","3 a 6","Mamá, Papá","2 a 4","3 a 6","4:30:00 AM","9:30:00 AM","4 a 6","6 a 8","Sí","Ninguna","Sí","Si","Una buena medida para controlar dicha propagación, sin embargo no estamos preparados para esto","Sí","No","Pocas veces","","","","","","","","","","","","","",""
"5/1/2020 11:26:23","45","Masculino","Trabajador independiente","30","Visitar plataformas de entretenimiento (Netflix,Amazon, Televisión...), Home Office, Aseo del hogar, Usar redes sociales, Videojuegos, Dormir, Estudiar en linea","3","4","Ha mejorado","0 a 2","0 a 3","Mamá, Papá","0 a 2","3 a 6","6:00:00 AM","7:00:00 AM","4 a 6","6 a 8","Parcialmente","Depresión, Frustración","No","Si","Medida de seguridad para la salud","No","Si","A menudo","","","","","","","","","","","","","",""
"5/1/2020 11:39:39","22","Masculino","Empleado, Estudiante","60","Aseo del hogar, Usar redes sociales, Videojuegos, Dormir, Estudiar en linea","1","3","Ha empeorado","2 a 4","3 a 6","Papá, Yo","0 a 2","0  a 3","9:00:00 AM","10:00:00 AM","6 a 8","Más de 8","Parcialmente","Ansiedad, Frustración, Confusión","No","Si","Que es una buena forma de prevención, pero que a la vez el sector salud debería de sanitizar más seguido las calles y los lugares de convivencia común.","Sí","Algunas veces","A menudo","","","","","","","","","","","","","",""
"5/1/2020 12:21:57","35","Masculino","Empleado","30","Visitar plataformas de entretenimiento (Netflix,Amazon, Televisión...), Home Office, Aseo del hogar, Usar redes sociales, Videojuegos, Estudiar en linea","5","4","Ha mejorado","0 a 2","3 a 6","Papá","0 a 2","3 a 6","4:30:00 AM","7:00:00 AM","4 a 6","6 a 8","Sí","Miedo, Frustración","Si, pero no  como me gustaría","Si","Excelente medida","Sí","Si","Pocas veces","","","","","","","","","","","","","",""
"5/1/2020 12:42:58","23","Masculino","Empleado","30","Visitar plataformas de entretenimiento (Netflix,Amazon, Televisión...), Usar redes sociales, Videojuegos, Dormir","10","8","Ha mejorado","2 a 4","6 a 9","Mamá, Hermano o hermana, Yo","0 a 2","0  a 3","7:00:00 AM","10:00:00 AM","4 a 6","6 a 8","Parcialmente","Ansiedad, Enojo","Sí","Si","Es para combatir la contingencia pero no creo que sirva al 100","Sí","Algunas veces","Pocas veces","","","","","","","","","","","","","",""
"5/1/2020 13:29:29","23","Femenino","Empleado","1","Aseo del hogar, Usar redes sociales, Dormir","7","2","Ha mejorado","4 a 6","6 a 9","Yo","2 a 4","6 a 9","8:00:00 AM","10:00:00 AM","6 a 8","Más de 8","No","Miedo, Depresión, Ansiedad, Frustración, Confusión","Si, pero no  como me gustaría","Si","","No","Algunas veces","Regularmente","","","","","","","","","","","","","",""
"5/1/2020 14:42:43","35","Masculino","Empleado","40","Visitar plataformas de entretenimiento (Netflix,Amazon, Televisión...), Home Office, Usar redes sociales, Videojuegos, Dormir","2","3","Ha mejorado","0 a 2","0 a 3","Papá","0 a 2","3 a 6","5:15:00 AM","6:15:00 AM","6 a 8","6 a 8","Sí","Ansiedad, Enojo","Sí","Si","No sé está respetando por completo
","Sí","Si","A menudo","","","","","","","","","","","","","",""
"5/1/2020 14:47:48","42","Femenino","Trabajador independiente","35","Aseo del hogar, Estudiar en linea","3","2","Ha mejorado","0 a 2","0 a 3","Ambos","0 a 2","0  a 3","6:06:00 AM","6:00:00 AM","6 a 8","6 a 8","Parcialmente","Confusión","Si, pero no  como me gustaría","Si","Información confusa","Sí","Algunas veces","Pocas veces","","","","","","","","","","","","","",""
"5/1/2020 15:30:05","40","Femenino","Desempleado","32","Aseo del hogar, Dormir, Estudiar en linea","3","1","Ha mejorado","2 a 4","0 a 3","Papá","0 a 2","0  a 3","7:45:00 AM","8:00:00 AM","4 a 6","4 a 6","Sí","Depresión, Ansiedad, Frustración, Confusión","Sí","Si","No hay ningun protocolo","Sí","Si","Pocas veces","","","","","","","","","","","","","",""
"5/1/2020 15:40:52","46","Femenino","Empleado","8","Visitar plataformas de entretenimiento (Netflix,Amazon, Televisión...), Home Office, Aseo del hogar, Usar redes sociales, Dormir, Estudiar en linea","4","4","Sigue igual","0 a 2","0 a 3","Hermano o hermana, Yo","0 a 2","0  a 3","6:00:00 AM","6:00:00 AM","4 a 6","6 a 8","No","Ninguna","Sí","Si","Es correcto ","Sí","No","Nunca","","","","","","","","","","","","","",""
"5/1/2020 15:51:58","30","Femenino","Empleado","40","Visitar plataformas de entretenimiento (Netflix,Amazon, Televisión...), Home Office, Aseo del hogar, Usar redes sociales","1","1","Sigue igual","2 a 4","3 a 6","yo","0 a 2","3 a 6","6:00:00 AM","8:00:00 AM","2 a 4","2 a 4","Sí","Miedo, Depresión, Ansiedad, Frustración, Confusión","Si, pero no  como me gustaría","Si","muchos no lo respetan y es frustante tanta ignorancia ","No","Algunas veces","Pocas veces","","","","","","","","","","","","","",""
"5/1/2020 15:57:21","21","Masculino","Empleado, Estudiante","40","Visitar plataformas de entretenimiento (Netflix,Amazon, Televisión...), Home Office, Aseo del hogar, Usar redes sociales, Dormir, Estudiar en linea","1","4","Ha mejorado","0 a 2","3 a 6","yo","0 a 2","3 a 6","7:00:00 AM","11:00:00 AM","6 a 8","Más de 8","Sí","Ninguna","Si, pero no  como me gustaría","Si","Es la mejor opcion para evitar la propagacion del virus","No","No","Pocas veces","","","","","","","","","","","","","",""
"5/1/2020 16:19:35","39","Femenino","Empleado","45","Visitar plataformas de entretenimiento (Netflix,Amazon, Televisión...), Home Office, Usar redes sociales, Dormir, Estudiar en linea","3","5","Sigue igual","0 a 2","0 a 3","Yo","2 a 4","3 a 6","5:15:00 AM","8:00:00 AM","4 a 6","4 a 6","Sí","Ninguna","No","Si","","No","Si","Nunca","","","","","","","","","","","","","",""
"5/1/2020 16:52:20","39","Femenino","Hogar","40","Visitar plataformas de entretenimiento (Netflix,Amazon, Televisión...), Aseo del hogar, Dormir","5","2","Sigue igual","0 a 2","0 a 3","Papá","2 a 4","3 a 6","6:00:00 AM","9:00:00 AM","6 a 8","4 a 6","Sí","Miedo, Depresión, Ansiedad, Confusión","Sí","Si","","No","Si","A menudo","","","","","","","","","","","","","",""
"5/1/2020 17:36:16","30","Masculino","Estudiante","40","Estudiar en linea","3","3","Ha mejorado","0 a 2","0 a 3","Mamá","0 a 2","0  a 3","6:30:00 AM","8:30:00 AM","6 a 8","6 a 8","Sí","Ansiedad","Sí","Si","La mejor opción de combatir el virus. A Excepción de la vacuna.","Sí","No","Pocas veces","","","","","","","","","","","","","",""
"5/1/2020 17:40:56","21","Femenino","Estudiante","35","Visitar plataformas de entretenimiento (Netflix,Amazon, Televisión...), Aseo del hogar, Estudiar en linea","4","5","Sigue igual","2 a 4","6 a 9","Mamá, Papá","0 a 2","0  a 3","4:00:00 AM","8:00:00 AM","4 a 6","4 a 6","Parcialmente","Ansiedad, Frustración","Sí","Si","","No","Si","Regularmente","","","","","","","","","","","","","",""
"5/1/2020 17:42:45","21","Masculino","Empleado, Estudiante","40","Visitar plataformas de entretenimiento (Netflix,Amazon, Televisión...), Home Office, Aseo del hogar, Usar redes sociales, Videojuegos, Dormir, Estudiar en linea, Practicar instrumentos musicales, generar contenido digital, pintar la casa","3","3","Sigue igual","0 a 2","3 a 6","Papá","0 a 2","0  a 3","6:45:00 AM","7:40:00 AM","6 a 8","4 a 6","Sí","Enojo, Frustración, Confusión","Si, pero no  como me gustaría","Si","Es una medida que tendría que llevarse a cabo mucho más rigorozamente. Hay gente que viven de negocios informales y les impide seguir el protocolo, pero aún con eso debería haber mucho más responsabilidad en ellos por llevar a cabo las medidas sanitarias más efectivas. ","No","No","Regularmente","","","","","","","","","","","","","",""
"5/1/2020 17:54:01","25","Masculino","Desempleado","3","Aseo del hogar, Dormir","19","1","Ha mejorado","0 a 2","0 a 3","Mamá, Papá","0 a 2","0  a 3","4:50:00 AM","4:50:00 AM","6 a 8","6 a 8","No","Confusión","Si, pero no  como me gustaría","Si","Pues me parese bien","No","Algunas veces","Pocas veces","","","","","","","","","","","","","",""
"5/1/2020 18:17:24","15","Femenino","Estudiante","60","Visitar plataformas de entretenimiento (Netflix,Amazon, Televisión...), Aseo del hogar, Estudiar en linea","3","2","Ha mejorado","0 a 2","0 a 3","Mamá","2 a 4","3 a 6","6:00:00 AM","10:00:00 AM","6 a 8","Más de 8","Sí","Ansiedad, Confusión","Sí","Si","Esta bien pero no hay mucho que hacer ,solo tarea y tarea ","No","No","A menudo","","","","","","","","","","","","","",""
"5/1/2020 18:30:03","20","Masculino","Empleado, Hogar, Estudiante","20","Visitar plataformas de entretenimiento (Netflix,Amazon, Televisión...), Home Office, Dormir, Estudiar en linea","1","4","Ha empeorado","2 a 4","6 a 9","Yo","0 a 2","0  a 3","10:10:00 AM","7:08:00 AM","4 a 6","6 a 8","Sí","Miedo, Ansiedad, Enojo, Frustración, Confusión","Si, pero no  como me gustaría","Si","Solo quiero que las cosas mejoren","Sí","Algunas veces","A menudo","","","","","","","","","","","","","",""
"5/1/2020 18:46:37","55","Masculino","Trabajador independiente","7","Aseo del hogar, Usar redes sociales","12","1","Sigue igual","2 a 4","0 a 3","Mamá","0 a 2","0  a 3","7:00:00 AM","8:00:00 AM","6 a 8","Más de 8","No","Enojo, Frustración, Confusión","Sí","Si","Necesario, aunque no lo pude llevar a cabo","Sí","No","Pocas veces","","","","","","","","","","","","","",""
"5/1/2020 18:54:17","27","Femenino","Desempleado","30","Visitar plataformas de entretenimiento (Netflix,Amazon, Televisión...), Aseo del hogar, Usar redes sociales, Dormir","6","2","Sigue igual","2 a 4","6 a 9","Hermano o hermana","Más de 6","6 a 9","6:00:00 AM","8:00:00 AM","6 a 8","Más de 8","Parcialmente","Miedo, Depresión, Ansiedad, Frustración, Confusión","Sí","Si","Pues que está bien ","Sí","Si","A menudo","","","","","","","","","","","","","",""
"5/1/2020 19:32:51","14","Masculino","Estudiante","45","Aseo del hogar, Usar redes sociales, Videojuegos, Estudiar en linea","6","5","Sigue igual","0 a 2","0 a 3","Mamá, Papá, Abuela, Tío","0 a 2","0  a 3","6:30:00 AM","12:00:00 PM","6 a 8","4 a 6","Sí","Ninguna","Si, pero no  como me gustaría","Si","Está bien no me quejo","Sí","Algunas veces","Pocas veces","","","","","","","","","","","","","",""
"5/1/2020 22:29:09","21","Masculino","Estudiante","20","Aseo del hogar, Usar redes sociales, Estudiar en linea","2","8","Ha mejorado","0 a 2","3 a 6","Abuelo","0 a 2","0  a 3","4:30:00 AM","9:00:00 AM","4 a 6","Más de 8","Sí","Aburrimiento","Sí","Si",".","Sí","No","Pocas veces","","","","","","","","","","","","","",""
"5/1/2020 23:03:01","20","Masculino","Estudiante","40","Visitar plataformas de entretenimiento (Netflix,Amazon, Televisión...), Home Office, Aseo del hogar, Usar redes sociales, Videojuegos, Dormir, Estudiar en linea","4","3","Ha empeorado","2 a 4","3 a 6","Papá","0 a 2","0  a 3","7:00:00 AM","9:00:00 AM","6 a 8","6 a 8","Sí","Ansiedad","No","Si","Pienso que es el adecuado, debido a que el virus se esparce de manera exponencial, por lo que es de alto riesgo salir y estar en contacto con personas y objetos.","Sí","Si","Nunca","","","","","","","","","","","","","",""
"5/2/2020 5:18:51","20","Femenino","Estudiante","30","Usar redes sociales, Dormir, Estudiar en linea, Jugar ","1","4","Sigue igual","2 a 4","0 a 3","Papá","0 a 2","0  a 3","6:30:00 AM","8:30:00 AM","4 a 6","6 a 8","Sí","Ninguna","Sí","Si","Para prevenir a que atender las medidas de seguridad y no ser congiado.","No","No","Pocas veces","","","","","","","","","","","","","",""
"5/3/2020 10:19:19","31","Masculino","Empleado","20","Visitar plataformas de entretenimiento (Netflix,Amazon, Televisión...), Home Office","3","1","Sigue igual","0 a 2","3 a 6","Papá","2 a 4","6 a 9","6:00:00 AM","9:00:00 AM","6 a 8","Más de 8","Parcialmente","Ninguna","Sí","Si","Es bueno","Sí","No","Pocas veces","","","","","","","","","","","","","",""
"5/4/2020 7:26:46","23","Masculino","Trabajador independiente, Estudiante","20","Visitar plataformas de entretenimiento (Netflix,Amazon, Televisión...), Home Office, Usar redes sociales, Dormir, Estudiar en linea","4","4","Sigue igual","2 a 4","3 a 6","Papá","0 a 2","3 a 6","5:00:00 AM","7:00:00 AM","4 a 6","6 a 8","Parcialmente","Ansiedad, Frustración","Si, pero no  como me gustaría","Si","Es muy pertinente para lo que estamos viviendo con la situación actual","Sí","Si","Regularmente","","","","","","","","","","","","","",""
